證券代號,證券名稱,殖利率(%),股利年度,本益比,股價淨值比,財報年/季
1101,台泥,3.07,112,34.63,1.05,2024Q2
1102,亞泥,4.57,112,14.56,0.92,2024Q2
1103,嘉泥,2.83,112,117.67,0.54,2024Q2
1104,環泥,6.64,112,9.9,0.9,2024Q2
1108,幸福,6.9,112,11.69,1.19,2024Q2
1109,信大,6.52,112,9.68,0.78,2024Q2
1110,東泥,0.9,112,92.29,1.39,2024Q2
1201,味全,1.48,112,27.16,1.22,2024Q2
1203,味王,2.32,112,21.3,1.95,2024Q2
1210,大成,4.29,112,11.33,1.87,2024Q2
1215,卜蜂,5.67,112,14.35,3.09,2024Q2
1216,統一,3.41,112,26.91,4.03,2024Q2
1217,愛之味,1.9,112,19.21,0.8,2024Q2
1219,福壽,4.64,112,20.29,1.28,2024Q2
1220,台榮,2.45,112,12.44,1.21,2024Q2
1225,福懋油,1.35,112,50.49,6.98,2024Q2
1227,佳格,3.27,112,22.37,2.01,2024Q2
1229,聯華,3.45,112,22.35,2.03,2024Q2
1231,聯華食,2.33,112,24.03,4.68,2024Q2
1232,大統益,4.44,112,18.18,4.7,2024Q2
1233,天仁,2.75,112,33.76,2.04,2024Q2
1234,黑松,4.56,112,17.07,0.91,2024Q2
1235,興泰,0.68,112,30.8,1.71,2024Q2
1236,宏亞,2.75,112,181.54,0.81,2024Q2
1256,鮮活果汁-KY,4.15,112,17.61,1.65,2024Q2
1301,台塑,2.0,112,59.52,0.93,2024Q2
1303,南亞,1.62,112,45.85,0.92,2024Q2
1305,華夏,2.15,112,54.33,1.0,2024Q2
1307,三芳,4.16,112,12.76,1.52,2024Q2
1315,達新,7.08,112,36.96,0.66,2024Q2
1319,東陽,3.81,112,15.6,2.45,2024Q2
1321,大洋,1.12,112,34.0,1.27,2024Q2
1323,永裕,4.09,112,25.21,0.9,2024Q2
1324,地球,1.52,112,38.82,1.03,2024Q2
1325,恆大,2.17,112,306.67,0.86,2024Q2
1326,台化,3.13,112,21.25,0.72,2024Q2
1339,昭輝,5.12,112,9.17,1.1,2024Q2
1341,富林-KY,6.4,112,15.12,2.81,2024Q2
1342,八貫,6.19,112,12.62,3.19,2024Q2
1402,遠東新,3.65,112,20.79,0.86,2024Q2
1409,新纖,3.5,112,19.15,0.69,2024Q2
1410,南染,0.82,112,99.46,2.16,2024Q2
1414,東和,1.13,112,82.04,1.53,2024Q2
1416,廣豐,3.77,112,14.1,0.63,2024Q2
1419,新紡,2.54,112,20.34,0.96,2024Q2
1423,利華,1.44,112,58.59,1.33,2024Q2
1434,福懋,2.48,112,106.05,0.7,2024Q2
1436,華友聯,4.91,112,8.68,3.5,2024Q2
1437,勤益控,3.31,112,9.91,0.86,2024Q2
1439,雋揚,0.97,112,19.78,1.06,2024Q2
1440,南紡,2.25,112,10.37,0.87,2024Q2
1442,名軒,5.3,112,8.34,3.31,2024Q2
1445,大宇,13.55,112,2.45,1.01,2024Q2
1446,宏和,1.59,112,8.61,3.03,2024Q2
1449,佳和,0.17,112,14.96,0.84,2024Q2
1452,宏益,1.78,112,21.67,0.78,2024Q2
1453,大將,1.69,112,24.58,1.29,2024Q2
1454,台富,1.4,112,68.46,1.37,2024Q2
1457,宜進,7.71,112,6.68,0.82,2024Q2
1463,強盛新,2.16,112,45.39,1.72,2024Q2
1464,得力,1.57,112,32.55,1.24,2024Q2
1465,偉全,3.31,112,20.13,0.94,2024Q2
1470,大統新創,2.66,112,31.14,1.89,2024Q2
1472,三洋實業,3.32,112,14.98,1.83,2024Q2
1473,台南,3.27,112,11.34,1.35,2024Q2
1475,業旺,3.27,112,10.37,2.9,2024Q2
1476,儒鴻,2.42,112,25.08,6.03,2024Q2
1477,聚陽,4.44,112,21.17,6.33,2024Q2
1503,士電,1.35,112,40.75,2.91,2024Q2
1504,東元,4.49,112,21.23,1.34,2024Q2
1513,中興電,2.18,112,24.16,4.55,2024Q2
1514,亞力,1.5,112,35.27,5.76,2024Q2
1515,力山,3.44,112,8.85,1.6,2024Q2
1516,川飛,1.69,112,22.05,1.48,2024Q2
1519,華城,1.14,112,48.35,26.84,2024Q2
1521,大億,1.86,112,39.58,1.6,2024Q2
1522,堤維西,3.36,112,11.2,2.08,2024Q2
1524,耿鼎,3.72,112,11.53,2.1,2024Q2
1525,江申,4.68,112,19.0,1.08,2024Q2
1527,鑽全,4.51,112,12.88,1.3,2024Q2
1529,樂事綠能,2.11,112,142.0,2.46,2024Q2
1530,亞崴,4.64,112,13.18,0.96,2024Q2
1531,高林股,1.41,112,28.4,0.71,2024Q2
1532,勤美,3.86,112,7.06,0.98,2024Q2
1535,中宇,5.4,112,14.08,2.17,2024Q2
1536,和大,1.85,112,93.28,1.75,2024Q2
1537,廣隆,4.68,112,15.4,2.92,2024Q2
1539,巨庭,2.22,112,16.3,1.1,2024Q2
1540,喬福,2.72,112,19.35,2.36,2024Q2
1541,錩泰,1.61,112,12.12,1.23,2024Q2
1558,伸興,3.49,112,19.29,1.36,2024Q2
1560,中砂,1.2,112,50.08,7.55,2024Q2
1563,巧新,3.07,112,19.37,1.46,2024Q2
1568,倉佑,4.64,112,9.95,1.64,2024Q2
1582,信錦,4.04,112,14.14,1.99,2024Q2
1583,程泰,6.6,112,9.84,1.24,2024Q2
1590,亞德客-KY,1.9,112,24.09,4.22,2024Q2
1597,直得,0.91,112,107.2,3.27,2024Q2
1603,華電,3.61,112,11.82,0.85,2024Q2
1604,聲寶,5.3,112,13.29,1.26,2024Q2
1605,華新,3.39,112,25.55,0.92,2024Q2
1608,華榮,3.27,112,14.9,1.71,2024Q2
1609,大亞,3.49,112,21.64,2.38,2024Q2
1611,中電,2.98,112,30.55,1.25,2024Q2
1612,宏泰,6.01,112,13.76,1.4,2024Q2
1614,三洋電,2.66,112,52.21,1.92,2024Q2
1615,大山,4.8,112,14.35,3.05,2024Q2
1616,億泰,1.66,112,25.99,2.31,2024Q2
1617,榮星,1.39,112,106.32,1.42,2024Q2
1618,合機,2.33,112,14.95,1.38,2024Q2
1702,南僑,4.42,112,10.82,1.39,2024Q2
1707,葡萄王,4.58,112,15.69,2.33,2024Q2
1708,東鹼,3.78,112,14.28,1.47,2024Q2
1709,和益,2.63,112,16.52,1.19,2024Q2
1711,永光,0.63,112,68.57,1.56,2024Q2
1712,興農,6.67,112,17.28,2.23,2024Q2
1713,國化,2.73,112,13.58,2.43,2024Q2
1714,和桐,3.49,112,15.64,0.69,2024Q2
1717,長興,2.43,112,20.47,1.47,2024Q2
1720,生達,4.23,112,13.37,1.96,2024Q2
1722,台肥,4.52,112,35.49,1.05,2024Q2
1723,中碳,4.02,112,18.46,2.97,2024Q2
1725,元禎,2.1,112,29.53,1.42,2024Q2
1726,永記,4.48,112,14.7,1.29,2024Q2
1727,中華化,0.76,112,189.75,2.36,2024Q2
1730,花仙子,5.28,112,15.19,1.87,2024Q2
1731,美吾華,4.82,112,18.35,1.57,2024Q2
1733,五鼎,3.77,112,26.79,1.67,2024Q2
1734,杏輝,5.7,112,14.7,1.7,2024Q2
1735,日勝化,2.31,112,20.38,1.41,2024Q2
1736,喬山,0.67,112,38.56,4.68,2024Q2
1737,臺鹽,3.51,112,19.08,1.06,2024Q2
1752,南光,4.59,112,39.64,1.94,2024Q2
1760,寶齡富錦,1.69,112,75.0,4.09,2024Q2
1762,中化生,1.88,112,28.03,0.99,2024Q2
1773,勝一,1.88,112,25.56,4.82,2024Q2
1776,展宇,2.38,112,25.99,1.42,2024Q2
1783,和康生,2.33,112,25.97,2.87,2024Q2
1786,科妍,2.21,112,34.82,4.38,2024Q2
1789,神隆,1.21,112,48.53,1.89,2024Q2
1795,美時,1.82,112,16.88,3.66,2024Q2
1808,潤隆,31.09,112,2.88,1.51,2024Q2
1809,中釉,0.95,112,191.82,1.21,2024Q2
1810,和成,1.07,112,169.55,0.83,2024Q2
1817,凱撒衛,4.37,112,9.76,1.45,2024Q2
1904,正隆,2.05,112,26.18,0.93,2024Q2
1906,寶隆,0.98,112,109.29,0.57,2024Q2
1907,永豐餘,2.85,112,27.24,0.79,2024Q2
2002,中鋼,1.57,112,101.59,1.1,2024Q2
2006,東和鋼鐵,5.45,112,11.83,1.86,2024Q2
2008,高興昌,3.21,112,78.0,1.74,2024Q2
2010,春源,5.48,112,12.85,1.01,2024Q2
2012,春雨,3.54,112,19.04,1.68,2024Q2
2013,中鋼構,3.56,112,18.57,2.06,2024Q2
2015,豐興,4.19,112,19.09,2.28,2024Q2
2020,美亞,14.23,112,4.75,1.43,2024Q2
2022,聚亨,2.0,112,76.92,0.98,2024Q2
2027,大成鋼,3.56,112,19.48,1.11,2024Q2
2028,威致,3.2,112,24.27,1.74,2024Q2
2029,盛餘,4.8,112,11.73,0.85,2024Q2
2030,彰源,2.8,112,57.58,1.01,2024Q2
2031,新光鋼,5.18,112,6.26,1.41,2024Q2
2049,上銀,1.06,112,42.81,2.36,2024Q2
2059,川湖,1.31,112,23.52,5.73,2024Q2
2062,橋椿,2.25,112,11.56,0.91,2024Q2
2069,運錩,2.91,112,107.5,0.75,2024Q2
2103,台橡,2.28,112,21.03,1.0,2024Q2
2105,正新,4.07,112,19.68,1.87,2024Q2
2106,建大,3.32,112,16.54,1.4,2024Q2
2107,厚生,5.06,112,13.97,0.58,2024Q2
2108,南帝,2.8,112,31.36,1.23,2024Q2
2109,華豐,6.5,112,10.37,1.49,2024Q2
2114,鑫永銓,5.26,112,16.73,2.56,2024Q2
2115,六暉-KY,3.18,112,20.0,1.0,2024Q2
2201,裕隆,2.46,112,13.54,0.98,2024Q2
2204,中華,8.63,112,7.57,1.09,2024Q2
2206,三陽工業,4.29,112,10.39,2.41,2024Q2
2207,和泰車,3.08,112,16.09,5.2,2024Q2
2211,長榮鋼,5.96,112,17.5,1.8,2024Q2
2227,裕日車,3.07,112,20.9,1.84,2024Q2
2228,劍麟,4.2,112,13.19,2.02,2024Q2
2231,為升,3.06,112,51.04,3.47,2024Q2
2233,宇隆,3.45,112,14.63,2.49,2024Q2
2236,百達-KY,0.57,112,63.54,3.82,2024Q2
2239,英利-KY,1.48,112,20.2,0.44,2024Q2
2247,汎德永業,6.25,112,12.85,1.89,2024Q2
2250,IKKA-KY,3.41,112,14.45,1.63,2024Q2
2301,光寶科,4.44,112,17.26,2.67,2024Q2
2302,麗正,1.82,112,33.33,1.59,2024Q2
2303,聯電,5.71,112,12.32,1.85,2024Q2
2308,台達電,1.66,112,29.56,4.87,2024Q2
2312,金寶,1.32,112,26.82,1.53,2024Q2
2313,華通,2.37,112,14.12,1.85,2024Q2
2316,楠梓電,0.94,112,7.91,1.03,2024Q2
2317,鴻海,2.71,112,17.99,1.81,2024Q2
2323,中環,5.55,112,16.33,0.7,2024Q2
2324,仁寶,3.45,112,16.87,1.2,2024Q2
2327,國巨,3.55,112,13.17,1.8,2024Q2
2328,廣宇,3.8,112,16.36,1.31,2024Q2
2329,華泰,3.08,112,14.04,2.57,2024Q2
2330,台積電,1.24,112,29.35,7.15,2024Q2
2331,精英,4.12,112,21.09,1.07,2024Q2
2332,友訊,2.81,112,962.5,1.27,2024Q2
2338,光罩,2.56,112,25.66,2.4,2024Q2
2340,台亞,1.35,112,530.0,2.03,2024Q2
2345,智邦,1.8,112,32.8,11.56,2024Q2
2347,聯強,4.08,112,15.54,1.67,2024Q2
2348,海悅,5.98,112,8.98,3.09,2024Q2
2351,順德,1.92,112,35.19,3.66,2024Q2
2352,佳世達,3.19,112,28.92,1.99,2024Q2
2353,宏碁,3.9,112,21.95,1.65,2024Q2
2354,鴻準,2.29,112,24.12,0.86,2024Q2
2355,敬鵬,3.17,112,12.83,0.95,2024Q2
2356,英業達,3.39,112,23.51,2.58,2024Q2
2357,華碩,2.92,112,13.42,1.65,2024Q2
2359,所羅門,1.21,112,111.51,4.51,2024Q2
2360,致茂,1.64,112,38.84,7.83,2024Q2
2362,藍天,2.69,112,20.73,0.79,2024Q2
2364,倫飛,3.11,112,24.94,5.63,2024Q2
2365,昆盈,0.63,112,105.33,3.43,2024Q2
2368,金像電,1.84,112,18.48,5.08,2024Q2
2373,震旦行,6.06,112,14.78,2.15,2024Q2
2374,佳能,1.92,112,23.33,1.99,2024Q2
2375,凱美,1.2,112,20.84,0.78,2024Q2
2376,技嘉,2.4,112,21.52,4.35,2024Q2
2377,微星,3.11,112,19.07,2.9,2024Q2
2379,瑞昱,3.2,112,20.28,5.55,2024Q2
2382,廣達,3.17,112,21.74,5.88,2024Q2
2383,台光電,2.39,112,17.08,5.02,2024Q2
2385,群光,4.71,112,14.3,2.96,2024Q2
2387,精元,5.42,112,8.21,1.11,2024Q2
2388,威盛,0.08,112,119.63,4.56,2024Q2
2392,正崴,3.23,112,14.5,1.17,2024Q2
2393,億光,4.1,112,16.42,1.83,2024Q2
2395,研華,2.92,112,31.11,6.09,2024Q2
2397,友通,3.74,112,34.91,3.1,2024Q2
2402,毅嘉,2.68,112,23.25,2.06,2024Q2
2404,漢唐,6.38,112,12.97,5.83,2024Q2
2405,輔信,0.87,112,217.22,1.81,2024Q2
2412,中華電,3.89,112,26.01,2.6,2024Q2
2413,環科,0.95,112,132.19,1.36,2024Q2
2414,精技,6.17,112,15.3,2.01,2024Q2
2420,新巨,4.23,112,17.57,3.01,2024Q2
2421,建準,3.57,112,20.19,3.78,2024Q2
2423,固緯,5.63,112,14.01,2.19,2024Q2
2425,承啟,1.02,112,39.16,1.81,2024Q2
2426,鼎元,0.78,112,102.4,1.97,2024Q2
2427,三商電,3.35,112,18.02,1.73,2024Q2
2428,興勤,3.0,112,15.15,2.27,2024Q2
2430,燦坤,6.54,112,18.39,0.9,2024Q2
2432,倚天酷碁-創,4.66,112,17.1,1.82,2024Q2
2433,互盛電,5.94,112,15.17,2.02,2024Q2
2436,偉詮電,1.99,112,38.42,3.09,2024Q2
2439,美律,3.74,112,14.92,1.79,2024Q2
2441,超豐,4.29,112,14.47,1.51,2024Q2
2442,新美齊,1.36,112,11.52,1.35,2024Q2
2449,京元電子,2.5,112,24.52,3.98,2024Q2
2450,神腦,5.64,112,16.11,1.49,2024Q2
2451,創見,4.89,112,15.25,2.31,2024Q2
2453,凌群,4.44,112,18.06,2.67,2024Q2
2454,聯發科,4.26,112,20.25,5.34,2024Q2
2455,全新,1.37,112,40.84,9.71,2024Q2
2458,義隆,3.51,112,15.08,4.3,2024Q2
2459,敦吉,5.68,112,11.64,1.38,2024Q2
2461,光群雷,2.95,112,13.58,1.17,2024Q2
2462,良得電,3.77,112,13.56,1.48,2024Q2
2464,盟立,0.67,112,83.33,3.49,2024Q2
2467,志聖,1.27,112,55.52,8.15,2024Q2
2468,華經,3.4,112,23.55,1.36,2024Q2
2471,資通,6.76,112,17.13,2.84,2024Q2
2472,立隆電,3.73,112,11.43,1.69,2024Q2
2474,可成,4.18,112,13.81,0.97,2024Q2
2476,鉅祥,2.73,112,20.82,2.54,2024Q2
2477,美隆電,1.73,112,25.85,1.1,2024Q2
2478,大毅,3.03,112,17.23,1.08,2024Q2
2480,敦陽科,5.23,112,17.14,4.46,2024Q2
2481,強茂,2.07,112,26.13,1.63,2024Q2
2482,連宇,3.26,112,40.39,1.83,2024Q2
2483,百容,1.31,112,65.43,0.98,2024Q2
2484,希華,5.21,112,24.83,1.25,2024Q2
2486,一詮,0.54,112,237.25,5.53,2024Q2
2488,漢平,5.99,112,9.5,1.51,2024Q2
2489,瑞軒,2.51,112,16.58,1.15,2024Q2
2492,華新科,2.05,112,20.51,1.04,2024Q2
2493,揚博,4.65,112,17.65,4.41,2024Q2
2495,普安,2.32,112,19.08,1.92,2024Q2
2496,卓越,6.32,112,11.63,1.72,2024Q2
2497,怡利電,1.29,112,32.29,4.28,2024Q2
2501,國建,3.99,112,11.65,1.08,2024Q2
2504,國產,4.13,112,12.73,2.39,2024Q2
2505,國揚,1.78,112,31.69,0.84,2024Q2
2511,太子,3.4,112,50.48,0.69,2024Q2
2515,中工,4.58,112,28.38,0.78,2024Q2
2520,冠德,3.86,112,5.2,1.14,2024Q2
2527,宏璟,4.44,112,13.18,0.71,2024Q2
2530,華建,1.38,112,26.28,3.12,2024Q2
2534,宏盛,3.84,112,56.63,0.86,2024Q2
2535,達欣工,6.08,112,10.46,1.39,2024Q2
2536,宏普,1.64,112,22.59,0.88,2024Q2
2539,櫻花建,4.03,112,21.97,3.57,2024Q2
2540,愛山林,5.47,112,18.89,3.64,2024Q2
2542,興富發,3.45,112,37.18,1.69,2024Q2
2543,皇昌,1.91,112,22.12,5.19,2024Q2
2545,皇翔,3.91,112,8.14,1.59,2024Q2
2546,根基,5.83,112,12.18,1.83,2024Q2
2548,華固,6.67,112,16.84,2.05,2024Q2
2597,潤弘,6.84,112,10.9,3.72,2024Q2
2603,長榮,5.33,112,5.55,0.82,2024Q2
2605,新興,2.77,112,12.47,0.9,2024Q2
2606,裕民,4.4,112,11.98,1.18,2024Q2
2607,榮運,3.67,112,13.49,0.95,2024Q2
2608,嘉里大榮,6.58,112,16.46,1.57,2024Q2
2609,陽明,3.16,112,8.93,0.74,2024Q2
2610,華航,3.33,112,14.28,1.64,2024Q2
2611,志信,9.94,112,6.45,1.46,2024Q2
2612,中航,2.22,112,21.3,0.68,2024Q2
2613,中櫃,1.94,112,27.11,1.33,2024Q2
2615,萬海,1.83,112,15.5,1.01,2024Q2
2616,山隆,2.09,112,257.5,0.59,2024Q2
2617,台航,5.06,112,6.83,0.76,2024Q2
2618,長榮航,5.01,112,8.21,1.81,2024Q2
2630,亞航,1.59,112,42.82,2.05,2024Q2
2633,台灣高鐵,3.49,112,21.16,2.37,2024Q2
2634,漢翔,3.11,112,18.63,2.5,2024Q2
2636,台驊控股,7.59,112,8.66,1.22,2024Q2
2637,慧洋-KY,3.82,112,10.59,1.09,2024Q2
2642,宅配通,2.33,112,42.35,1.52,2024Q2
2645,長榮航太,4.7,112,18.76,2.91,2024Q2
2701,萬企,2.23,112,21.27,0.66,2024Q2
2704,國賓,1.63,112,16.58,0.59,2024Q2
2706,第一店,2.36,112,23.13,0.73,2024Q2
2707,晶華,5.66,112,17.9,6.52,2024Q2
2722,夏都,1.25,112,79.8,2.4,2024Q2
2723,美食-KY,3.9,112,33.51,1.49,2024Q2
2727,王品,6.43,112,14.69,4.96,2024Q2
2731,雄獅,6.2,112,7.1,3.28,2024Q2
2748,雲品,3.3,112,18.76,2.28,2024Q2
2753,八方雲集,4.52,112,17.96,3.05,2024Q2
2762,世界健身-KY,6.37,112,29.21,3.02,2024Q2
2801,彰銀,4.93,112,14.23,0.99,2024Q2
2809,京城銀,5.5,112,8.54,1.2,2024Q2
2812,台中銀,5.35,112,11.66,1.2,2024Q2
2820,華票,4.88,112,16.8,0.82,2024Q2
2832,台產,4.64,112,8.89,0.85,2024Q2
2834,臺企銀,8.68,112,12.05,1.02,2024Q2
2836,高雄銀,5.08,112,24.58,0.87,2024Q2
2838,聯邦銀,5.86,112,13.23,0.84,2024Q2
2845,遠東銀,7.65,112,11.79,0.9,2024Q2
2849,安泰銀,2.59,112,17.09,0.86,2024Q2
2850,新產,5.02,112,9.15,1.76,2024Q2
2851,中再保,5.28,112,7.61,1.04,2024Q2
2852,第一保,5.04,112,7.67,0.8,2024Q2
2855,統一證,5.08,112,8.75,1.12,2024Q2
2880,華南金,5.07,112,15.64,1.68,2024Q2
2881,富邦金,2.76,112,12.68,1.41,2024Q2
2882,國泰金,2.95,112,12.15,1.25,2024Q2
2883,凱基金,2.99,112,11.96,1.03,2024Q2
2884,玉山金,4.95,112,18.62,1.87,2024Q2
2885,元大金,4.09,112,13.77,1.36,2024Q2
2886,兆豐金,4.63,112,16.07,1.6,2024Q2
2887,台新金,5.73,112,14.54,1.08,2024Q2
2889,國票金,6.34,112,25.33,1.31,2024Q2
2890,永豐金,4.19,112,13.47,1.52,2024Q2
2891,中信金,5.06,112,11.13,1.58,2024Q2
2892,第一金,4.28,112,15.92,1.44,2024Q2
2897,王道銀行,4.4,112,11.48,0.74,2024Q2
2901,欣欣,1.3,112,61.67,2.33,2024Q2
2903,遠百,5.84,112,16.41,1.25,2024Q2
2904,匯僑,3.25,112,20.97,1.17,2024Q2
2905,三商,1.16,112,18.11,0.94,2024Q2
2906,高林,3.31,112,29.27,1.1,2024Q2
2908,特力,2.83,112,40.2,1.5,2024Q2
2910,統領,1.29,112,21.38,1.75,2024Q2
2912,統一超,3.05,112,26.58,8.4,2024Q2
2915,潤泰全,3.34,112,7.19,0.76,2024Q2
2923,鼎固-KY,0.62,112,74.65,1.12,2024Q2
2945,三商家購,2.88,112,21.72,1.55,2024Q2
3002,歐格,2.13,112,68.41,1.15,2024Q2
3003,健和興,1.85,112,21.83,1.98,2024Q2
3004,豐達科,2.69,112,13.19,2.03,2024Q2
3005,神基,4.48,112,16.18,3.14,2024Q2
3008,大立光,2.73,112,15.35,1.9,2024Q2
3010,華立,3.98,112,15.02,1.5,2024Q2
3013,晟銘電,0.28,112,68.36,7.63,2024Q2
3014,聯陽,5.71,112,14.03,3.82,2024Q2
3015,全漢,5.5,112,18.54,0.69,2024Q2
3016,嘉晶,0.87,112,60.1,3.37,2024Q2
3017,奇鋐,1.08,112,37.53,10.37,2024Q2
3019,亞光,1.71,112,28.98,2.19,2024Q2
3021,鴻名,1.1,112,22.75,1.62,2024Q2
3022,威強電,4.53,112,9.86,1.33,2024Q2
3023,信邦,3.2,112,21.66,5.3,2024Q2
3024,憶聲,0.57,112,44.87,1.69,2024Q2
3025,星通,4.05,112,22.97,6.12,2024Q2
3026,禾伸堂,5.49,112,21.51,1.6,2024Q2
3027,盛達,1.03,112,56.98,1.91,2024Q2
3028,增你強,6.18,112,18.33,1.28,2024Q2
3029,零壹,4.07,112,20.12,3.78,2024Q2
3030,德律,2.36,112,22.88,4.5,2024Q2
3031,佰鴻,3.69,112,18.08,1.27,2024Q2
3032,偉訓,5.32,112,10.75,2.4,2024Q2
3033,威健,5.3,112,15.92,1.71,2024Q2
3034,聯詠,6.17,112,14.37,5.43,2024Q2
3035,智原,1.57,112,58.8,5.57,2024Q2
3036,文曄,1.59,112,23.4,1.46,2024Q2
3037,欣興,2.09,112,22.96,2.38,2024Q2
3038,全台,6.37,112,9.23,1.42,2024Q2
3040,遠見,2.12,112,46.32,1.94,2024Q2
3042,晶技,4.0,112,16.92,2.9,2024Q2
3044,健鼎,3.9,112,13.01,2.23,2024Q2
3045,台灣大,3.82,112,26.72,4.36,2024Q2
3046,建碁,3.53,112,16.13,3.13,2024Q2
3048,益登,2.52,112,92.33,2.12,2024Q2
3050,鈺德,2.61,112,30.89,1.18,2024Q2
3051,力特,3.26,112,16.78,2.12,2024Q2
3052,夆典,5.0,112,12.24,0.73,2024Q2
3056,富華新,2.62,112,309.5,1.58,2024Q2
3059,華晶科,2.06,112,27.2,1.03,2024Q2
3090,日電貿,5.44,112,15.63,2.16,2024Q2
3094,聯傑,1.89,112,129.2,2.68,2024Q2
3130,一零四,6.06,112,15.92,5.15,2024Q2
3138,耀登,2.24,112,33.92,2.84,2024Q2
3164,景岳,2.23,112,27.38,1.45,2024Q2
3167,大量,0.3,112,350.0,6.52,2024Q2
3168,眾福科,6.55,112,17.6,2.3,2024Q2
3189,景碩,0.93,112,368.97,1.54,2024Q2
3209,全科,5.32,112,13.65,1.92,2024Q2
3231,緯創,2.39,112,19.6,2.81,2024Q2
3257,虹冠電,4.75,112,19.06,3.25,2024Q2
3266,昇陽,3.83,112,8.79,1.18,2024Q2
3305,昇貿,2.83,112,29.58,1.96,2024Q2
3311,閎暉,3.13,112,23.13,0.98,2024Q2
3312,弘憶股,1.77,112,24.71,3.86,2024Q2
3338,泰碩,2.92,112,20.36,3.14,2024Q2
3346,麗清,3.88,112,13.48,1.35,2024Q2
3356,奇偶,4.65,112,10.37,2.53,2024Q2
3376,新日興,2.14,112,29.04,2.24,2024Q2
3380,明泰,2.76,112,42.5,1.97,2024Q2
3406,玉晶光,2.52,112,11.14,2.4,2024Q2
3413,京鼎,3.1,112,16.86,2.89,2024Q2
3416,融程電,3.77,112,20.94,3.51,2024Q2
3443,創意,1.15,112,49.27,17.33,2024Q2
3454,晶睿,3.11,112,40.94,3.23,2024Q2
3501,維熹,4.77,112,11.58,1.11,2024Q2
3515,華擎,3.35,112,20.75,3.09,2024Q2
3528,安馳,2.92,112,17.27,1.84,2024Q2
3532,台勝科,3.79,112,22.11,2.11,2024Q2
3533,嘉澤,1.54,112,25.04,6.09,2024Q2
3543,州巧,4.31,112,51.56,0.76,2024Q2
3545,敦泰,1.14,112,44.9,1.99,2024Q2
3557,嘉威,4.12,112,10.71,2.28,2024Q2
3563,牧德,1.9,112,97.88,4.41,2024Q2
3583,辛耘,0.81,112,50.2,8.6,2024Q2
3588,通嘉,0.71,112,43.73,2.94,2024Q2
3591,艾笛森,1.76,112,42.95,1.38,2024Q2
3592,瑞鼎,4.3,112,13.42,2.4,2024Q2
3596,智易,4.64,112,13.01,2.28,2024Q2
3607,谷崧,3.49,112,143.21,1.37,2024Q2
3617,碩天,2.66,112,14.36,3.43,2024Q2
3622,洋華,3.16,112,13.05,1.38,2024Q2
3645,達邁,0.67,112,44.5,2.02,2024Q2
3652,精聯,0.93,112,44.94,1.55,2024Q2
3653,健策,0.66,112,76.14,16.92,2024Q2
3661,世芯-KY,1.17,112,31.73,4.48,2024Q2
3665,貿聯-KY,1.92,112,26.91,2.9,2024Q2
3669,圓展,2.99,112,20.39,1.2,2024Q2
3679,新至陞,5.58,112,13.12,1.86,2024Q2
3694,海華,2.24,112,18.18,2.17,2024Q2
3701,大眾控,1.77,112,41.15,1.98,2024Q2
3702,大聯大,4.56,112,16.62,1.64,2024Q2
3703,欣陸,5.1,112,14.41,0.87,2024Q2
3704,合勤控,4.2,112,19.19,1.37,2024Q2
3705,永信,4.03,112,14.46,2.06,2024Q2
3706,神達,2.78,112,20.78,0.93,2024Q2
3708,上緯投控,4.83,112,17.42,1.55,2024Q2
3711,日月光投控,3.29,112,21.58,2.26,2024Q2
3712,永崴投控,3.86,112,12.85,1.24,2024Q2
3715,定穎投控,2.09,112,15.41,2.77,2024Q2
4104,佳醫,4.93,112,17.44,1.57,2024Q2
4106,雃博,3.11,112,23.15,1.1,2024Q2
4119,旭富,1.38,112,78.02,2.14,2024Q2
4133,亞諾法,2.41,112,27.43,1.4,2024Q2
4137,麗豐-KY,7.15,112,15.22,2.22,2024Q2
4148,全宇生技-KY,2.22,112,29.83,1.27,2024Q2
4155,訊映,1.2,112,76.06,1.49,2024Q2
4164,承業醫,4.35,112,27.88,1.24,2024Q2
4306,炎洲,5.23,112,10.9,0.94,2024Q2
4438,廣越,5.0,112,17.28,1.41,2024Q2
4439,冠星-KY,4.44,112,19.67,1.05,2024Q2
4440,宜新實業,3.69,112,19.36,1.4,2024Q2
4532,瑞智,3.58,112,14.63,1.37,2024Q2
4536,拓凱,3.93,112,14.05,2.38,2024Q2
4545,銘鈺,1.75,112,26.16,2.27,2024Q2
4551,智伸科,1.82,112,27.85,1.92,2024Q2
4552,力達-KY,4.04,112,10.46,0.52,2024Q2
4557,永新-KY,4.56,112,14.73,2.66,2024Q2
4560,強信-KY,3.03,112,27.92,1.27,2024Q2
4566,時碩工業,1.65,112,24.94,1.92,2024Q2
4569,六方科-KY,2.05,112,38.76,2.6,2024Q2
4571,鈞興-KY,1.99,112,21.28,3.02,2024Q2
4572,駐龍,3.27,112,21.67,3.22,2024Q2
4576,大銀微系統,0.1,112,563.89,3.22,2024Q2
4581,光隆精密-KY,6.47,112,10.65,1.78,2024Q2
4583,台灣精銳,1.33,112,55.71,6.2,2024Q2
4588,玖鼎電力,3.46,112,24.87,4.53,2024Q2
4720,德淵,2.69,112,13.92,1.44,2024Q2
4722,國精化,2.3,112,17.28,1.48,2024Q2
4736,泰博,6.39,112,13.34,1.74,2024Q2
4739,康普,1.39,112,115.0,1.23,2024Q2
4746,台耀,2.16,112,43.38,1.48,2024Q2
4755,三福化,2.81,112,27.12,2.9,2024Q2
4763,材料-KY,1.47,112,9.68,5.22,2024Q2
4766,南寶,4.99,112,13.73,2.73,2024Q2
4770,上品,3.57,112,16.22,3.6,2024Q2
4771,望隼,1.5,112,17.59,3.9,2024Q2
4904,遠傳,3.74,112,26.85,3.72,2024Q2
4906,正文,4.01,112,25.14,1.18,2024Q2
4912,聯德控股-KY,1.66,112,14.59,1.69,2024Q2
4915,致伸,4.31,112,16.89,2.48,2024Q2
4919,新唐,3.5,112,21.24,2.33,2024Q2
4930,燦星網,6.67,112,8.5,0.84,2024Q2
4935,茂林-KY,1.98,112,20.0,1.17,2024Q2
4938,和碩,3.92,112,14.74,1.38,2024Q2
4942,嘉彰,5.32,112,9.46,0.69,2024Q2
4952,凌通,2.43,112,23.32,2.68,2024Q2
4958,臻鼎-KY,2.88,112,14.88,1.08,2024Q2
4961,天鈺,3.91,112,15.49,1.93,2024Q2
4967,十銓,1.75,112,10.01,1.9,2024Q2
4977,眾達-KY,1.75,112,450.0,2.65,2024Q2
4994,傳奇,3.62,112,33.18,6.84,2024Q2
4999,鑫禾,2.91,112,74.67,0.75,2024Q2
5007,三星,5.38,112,14.72,2.46,2024Q2
5203,訊連,2.93,112,25.95,1.66,2024Q2
5215,科嘉-KY,3.06,112,16.17,0.91,2024Q2
5222,全訊,2.89,112,23.32,4.56,2024Q2
5225,東科-KY,5.43,112,11.59,2.97,2024Q2
5234,達興材料,1.72,112,46.04,8.24,2024Q2
5243,乙盛-KY,2.57,112,22.7,1.39,2024Q2
5244,弘凱,2.78,112,17.38,1.75,2024Q2
5258,虹堡,1.4,112,15.36,3.16,2024Q2
5269,祥碩,1.12,112,39.1,3.94,2024Q2
5283,禾聯碩,7.77,112,17.88,1.85,2024Q2
5284,jpp-KY,3.79,112,65.02,3.13,2024Q2
5285,界霖,3.05,112,28.65,2.34,2024Q2
5288,豐祥-KY,3.58,112,12.77,2.71,2024Q2
5292,華懋,3.18,112,18.17,4.08,2024Q2
5306,桂盟,2.54,112,25.32,2.16,2024Q2
5388,中磊,4.57,112,12.67,2.17,2024Q2
5434,崇越,3.46,112,16.94,3.53,2024Q2
5471,松翰,2.73,112,33.01,2.12,2024Q2
5515,建國,4.49,112,11.41,1.1,2024Q2
5519,隆大,5.92,112,8.68,1.54,2024Q2
5522,遠雄,4.81,112,13.95,1.26,2024Q2
5525,順天,5.45,112,10.15,1.79,2024Q2
5533,皇鼎,5.59,112,16.89,0.65,2024Q2
5534,長虹,5.58,112,13.33,1.52,2024Q2
5538,東明-KY,2.82,112,19.34,1.05,2024Q2
5607,遠雄港,3.72,112,19.78,1.54,2024Q2
5706,鳳凰,5.03,112,16.91,2.81,2024Q2
5871,中租-KY,4.28,112,11.42,1.75,2024Q2
5876,上海商銀,4.65,112,17.59,1.0,2024Q2
5880,合庫金,3.92,112,21.07,1.53,2024Q2
5906,台南-KY,3.4,112,28.13,2.48,2024Q2
6005,群益證,6.1,112,10.43,1.19,2024Q2
6024,群益期,6.19,112,10.37,1.64,2024Q2
6108,競國,2.99,112,59.64,0.74,2024Q2
6112,邁達特,6.05,112,21.34,2.01,2024Q2
6115,鎰勝,5.7,112,15.89,1.97,2024Q2
6120,達運,0.72,112,39.71,1.0,2024Q2
6128,上福,6.78,112,11.1,1.12,2024Q2
6136,富爾特,5.27,112,25.0,0.66,2024Q2
6139,亞翔,4.12,112,12.34,4.15,2024Q2
6155,鈞寶,3.02,112,31.93,1.58,2024Q2
6165,浪凡,1.02,112,41.54,2.2,2024Q2
6166,凌華,1.48,112,1125.0,2.86,2024Q2
6168,宏齊,2.15,112,86.11,1.55,2024Q2
6176,瑞儀,5.1,112,15.05,2.67,2024Q2
6177,達麗,7.54,112,8.08,2.3,2024Q2
6183,關貿,3.57,112,24.71,4.77,2024Q2
6184,大豐電,5.77,112,15.71,1.77,2024Q2
6189,豐藝,4.12,112,14.01,3.16,2024Q2
6191,精成科,5.53,112,8.42,1.31,2024Q2
6192,巨路,4.46,112,12.53,1.65,2024Q2
6196,帆宣,3.91,112,17.68,2.84,2024Q2
6197,佳必琪,2.75,112,20.73,5.11,2024Q2
6201,亞弘電,6.89,112,12.15,1.94,2024Q2
6205,詮欣,2.12,112,30.56,2.27,2024Q2
6206,飛捷,4.69,112,15.48,2.64,2024Q2
6213,聯茂,2.01,112,29.56,1.33,2024Q2
6214,精誠,4.03,112,18.67,2.23,2024Q2
6215,和椿,1.64,112,47.95,3.48,2024Q2
6216,居易,3.74,112,19.01,2.38,2024Q2
6224,聚鼎,1.86,112,54.09,2.65,2024Q2
6230,尼得科超眾,0.47,112,60.73,3.27,2024Q2
6235,華孚,2.42,112,17.22,3.17,2024Q2
6239,力成,5.19,112,11.08,1.89,2024Q2
6243,迅杰,2.33,112,39.84,2.81,2024Q2
6257,矽格,3.29,112,14.9,2.02,2024Q2
6269,台郡,6.53,112,16.44,1.01,2024Q2
6271,同欣電,1.73,112,18.48,1.17,2024Q2
6277,宏正,5.51,112,19.53,1.99,2024Q2
6278,台表科,4.69,112,9.94,1.47,2024Q2
6281,全國電,5.4,112,18.13,3.1,2024Q2
6282,康舒,1.48,112,562.5,1.26,2024Q2
6285,啟碁,5.22,112,13.29,1.84,2024Q2
6288,聯嘉,0.68,112,77.64,1.78,2024Q2
6409,旭隼,1.72,112,53.7,25.09,2024Q2
6412,群電,4.72,112,14.48,3.74,2024Q2
6414,樺漢,3.89,112,17.21,1.74,2024Q2
6415,矽力*-KY,0.37,112,158.79,6.13,2024Q2
6416,瑞祺電通,1.88,112,38.21,3.25,2024Q2
6423,億而得-創,1.1,112,87.21,4.98,2024Q2
6438,迅得,2.89,112,26.62,3.34,2024Q2
6442,光聖,0.45,112,76.4,12.28,2024Q2
6443,元晶,1.72,112,45.49,1.59,2024Q2
6449,鈺邦,1.31,112,35.45,4.56,2024Q2
6451,訊芯-KY,1.04,112,83.16,3.83,2024Q2
6464,台數科,5.5,112,13.68,1.31,2024Q2
6472,保瑞,1.6,112,23.71,7.89,2024Q2
6491,晶碩,2.37,112,17.0,3.25,2024Q2
6504,南六,1.56,112,55.35,1.41,2024Q2
6505,台塑化,3.92,112,18.41,1.49,2024Q2
6515,穎崴,0.9,112,69.67,11.09,2024Q2
6525,捷敏-KY,4.94,112,16.05,2.19,2024Q2
6526,達發,0.78,112,59.33,6.22,2024Q2
6531,愛普*,2.25,112,30.79,4.57,2024Q2
6534,正瀚-創,5.11,112,19.14,2.97,2024Q2
6552,易華電,0.66,112,47.79,1.32,2024Q2
6579,研揚,4.4,112,23.56,2.42,2024Q2
6581,鋼聯,3.54,112,20.25,3.34,2024Q2
6585,鼎基,2.66,112,15.09,2.89,2024Q2
6591,動力-KY,5.46,112,16.88,1.02,2024Q2
6592,和潤企業,4.24,112,16.69,1.74,2024Q2
6605,帝寶,2.65,112,13.78,2.31,2024Q2
6606,建德工業,5.45,112,25.7,1.7,2024Q2
6625,必應,5.07,112,12.58,4.83,2024Q2
6641,基士德-KY,2.42,112,16.69,1.04,2024Q2
6655,科定,6.87,112,29.91,4.42,2024Q2
6658,聯策,1.49,112,76.95,2.56,2024Q2
6666,羅麗芬-KY,2.05,112,38.42,1.83,2024Q2
6669,緯穎,2.11,112,22.4,7.54,2024Q2
6670,復盛應用,4.33,112,13.31,3.22,2024Q2
6671,三能-KY,5.78,112,14.37,1.57,2024Q2
6672,騰輝電子-KY,4.82,112,11.49,1.49,2024Q2
6689,伊雲谷,2.07,112,38.11,2.29,2024Q2
6691,洋基工程,5.7,112,16.3,5.45,2024Q2
6715,嘉基,1.77,112,30.05,3.6,2024Q2
6719,力智,0.79,112,101.0,1.95,2024Q2
6742,澤米,1.76,112,755.56,3.41,2024Q2
6743,安普新,0.92,112,102.64,2.98,2024Q2
6753,龍德造船,1.39,112,15.31,3.59,2024Q2
6754,匯僑設計,5.1,112,10.39,2.09,2024Q2
6756,威鋒電子,1.17,112,62.87,4.19,2024Q2
6768,志強-KY,3.6,112,19.94,1.48,2024Q2
6771,平和環保-創,6.37,112,14.27,2.44,2024Q2
6776,展碁國際,6.16,112,11.83,2.3,2024Q2
6781,AES-KY,2.18,112,24.94,3.4,2024Q2
6782,視陽,1.01,112,28.79,4.7,2024Q2
6789,采鈺,0.34,112,131.98,5.49,2024Q2
6790,永豐實,6.32,112,11.95,2.33,2024Q2
6792,詠業,5.5,112,20.5,1.89,2024Q2
6796,晉弘,2.22,112,114.08,3.86,2024Q2
6799,來頡,2.59,112,25.67,3.29,2024Q2
6805,富世達,0.64,112,69.08,12.34,2024Q2
6806,森崴能源,1.15,112,37.09,2.36,2024Q2
6807,峰源-KY,3.25,112,12.52,1.95,2024Q2
6830,汎銓,2.05,112,58.4,4.26,2024Q2
6835,圓裕,4.04,112,11.83,2.0,2024Q2
6861,睿生光電,1.71,112,21.8,1.96,2024Q2
6863,永道-KY,1.03,112,34.25,3.84,2024Q2
6869,雲豹能源,2.44,112,38.31,5.6,2024Q2
6873,泓德能源,1.77,112,32.57,4.47,2024Q2
6890,來億-KY,1.23,112,64.74,4.02,2024Q2
6906,現觀科,1.67,112,50.14,7.0,2024Q2
6914,阜爾運通,3.27,112,18.05,2.85,2024Q2
6916,華凌,4.13,112,47.04,1.54,2024Q2
6923,中台,3.33,112,22.77,4.09,2024Q2
6928,攸泰科技,1.61,112,31.79,2.45,2024Q2
6933,AMAX-KY,1.14,112,58.8,5.25,2024Q2
6937,天虹,0.6,112,54.63,7.12,2024Q2
6951,青新-創,3.92,112,20.55,2.96,2024Q2
6952,大武山,2.03,112,23.01,1.97,2024Q2
6957,裕慶-KY,5.13,112,15.9,5.66,2024Q2
6958,日盛台駿,3.25,112,25.0,1.15,2024Q2
8016,矽創,5.17,112,14.33,2.58,2024Q2
8021,尖點,2.28,112,31.11,1.12,2024Q2
8028,昇陽半導體,1.3,112,83.94,6.31,2024Q2
8039,台虹,2.5,112,16.63,1.31,2024Q2
8046,南電,4.03,112,46.75,1.95,2024Q2
8070,長華*,4.12,112,27.84,2.42,2024Q2
8072,陞泰,2.85,112,24.63,0.94,2024Q2
8081,致新,6.01,112,12.84,2.92,2024Q2
8103,瀚荃,2.13,112,15.62,1.42,2024Q2
8105,凌巨,0.59,112,62.41,0.94,2024Q2
8110,華東,1.19,112,39.88,0.81,2024Q2
8112,至上,5.84,112,13.73,2.13,2024Q2
8114,振樺電,2.23,112,29.24,4.27,2024Q2
8131,福懋科,2.59,112,22.03,1.33,2024Q2
8150,南茂,4.94,112,13.6,1.08,2024Q2
8162,微矽電子-創,1.47,112,54.84,1.71,2024Q2
8163,達方,8.18,112,8.52,1.2,2024Q2
8210,勤誠,1.8,112,20.64,5.54,2024Q2
8213,志超,2.66,112,10.49,0.66,2024Q2
8215,明基材,3.76,112,31.02,1.83,2024Q2
8222,寶一,0.78,112,32.08,3.05,2024Q2
8261,富鼎,3.24,112,21.33,1.73,2024Q2
8271,宇瞻,6.26,112,12.61,1.46,2024Q2
8341,日友,4.13,112,28.19,2.42,2024Q2
8367,建新國際,4.91,112,14.46,1.49,2024Q2
8411,福貞-KY,0.57,112,43.59,0.52,2024Q2
8422,可寧衛,5.46,112,22.37,3.52,2024Q2
8438,昶昕,2.28,112,20.6,1.59,2024Q2
8442,威宏-KY,4.78,112,9.47,2.16,2024Q2
8454,富邦媒,3.84,112,25.92,11.12,2024Q2
8462,柏文,1.73,112,39.61,5.47,2024Q2
8463,潤泰材,2.3,112,27.7,1.79,2024Q2
8464,億豐,2.37,112,23.95,6.17,2024Q2
8466,美吉吉-KY,0.52,112,159.72,1.44,2024Q2
8473,山林水,0.8,112,29.48,1.12,2024Q2
8476,台境,4.41,112,14.99,2.33,2024Q2
8478,東哥遊艇,4.14,112,12.62,4.1,2024Q2
8481,政伸,3.9,112,24.9,2.16,2024Q2
8482,商億-KY,3.43,112,20.18,2.1,2024Q2
8487,愛爾達-創,6.3,112,15.45,3.33,2024Q2
8499,鼎炫-KY,3.45,112,12.66,0.61,2024Q2
8926,台汽電,4.36,112,32.07,2.19,2024Q2
8996,高力,1.12,112,59.8,11.02,2024Q2
9802,鈺齊-KY,4.29,112,20.33,1.73,2024Q2
9902,台火,1.69,112,24.38,1.37,2024Q2
9904,寶成,3.1,112,7.37,0.76,2024Q2
9905,大華,4.8,112,15.07,0.91,2024Q2
9906,欣巴巴,3.87,112,152.2,10.88,2024Q2
9907,統一實,1.76,112,38.75,1.37,2024Q2
9908,大台北,3.98,112,14.5,1.12,2024Q2
9910,豐泰,3.07,112,23.49,5.99,2024Q2
9911,櫻花,4.48,112,14.35,3.19,2024Q2
9914,美利達,3.07,112,38.33,2.79,2024Q2
9917,中保科,3.75,112,22.34,5.27,2024Q2
9918,欣天然,3.65,112,18.03,2.3,2024Q2
9919,康那香,1.56,112,4.68,1.35,2024Q2
9921,巨大,2.62,112,24.45,2.19,2024Q2
9924,福興,5.56,112,9.22,1.46,2024Q2
9925,新保,4.81,112,17.53,1.41,2024Q2
9926,新海,3.73,112,20.3,2.41,2024Q2
9927,泰銘,7.6,112,9.91,1.85,2024Q2
9930,中聯資源,4.59,112,16.0,2.77,2024Q2
9931,欣高,2.9,112,16.27,1.47,2024Q2
9933,中鼎,4.46,112,17.61,2.08,2024Q2
9934,成霖,7.1,112,9.34,1.11,2024Q2
9935,慶豐富,1.46,112,19.85,2.44,2024Q2
9937,全國,3.2,112,25.73,3.82,2024Q2
9938,百和,1.34,112,21.1,1.8,2024Q2
9939,宏全,3.41,112,15.83,2.79,2024Q2
9940,信義,5.25,112,11.91,1.75,2024Q2
9941,裕融,4.3,112,17.09,2.56,2024Q2
9942,茂順,6.11,112,11.29,2.52,2024Q2
9943,好樂迪,6.4,112,14.86,2.69,2024Q2
9944,新麗,2.91,112,60.74,0.61,2024Q2
9945,潤泰新,3.2,112,9.65,1.28,2024Q2
9946,三發地產,2.71,112,34.86,1.27,2024Q2
9958,世紀鋼,1.26,112,29.9,4.73,2024Q2
