資料日期,股票代號,名稱,本益比,每股股利,殖利率,股價淨值比
1150812,1240,茂生農經,12.08,3.5,6.21,1.6
1150812,1259,安心,17.49,1.2,1.94,0.71
1150812,1264,德麥,12.19,15.0,5.8,2.7
1150812,1268,漢來美食,13.69,8.0,4.43,3.17
1150812,1294,漢田生技,12.09,5.0,8.46,2.05
1150812,1295,生合,11.36,3.0,6.41,1.23
1150812,1336,台翰,43.78,0.26,1.6,0.67
1150812,1565,精華,12.0,5.8,6.02,0.76
1150812,1570,力肯,49.13,1.0,2.95,1.68
1150812,1580,新麥,8.77,8.5,7.69,1.82
1150812,1584,精剛,31.03,0.258355,1.44,0.87
1150812,1586,和勤,152.92,0.0,0.0,0.94
1150812,1593,祺驊,8.04,2.0,6.33,0.92
1150812,1777,生泰,10.05,4.0,5.35,1.29
1150812,1780,立弘,13.89,1.25,5.42,1.66
1150812,1784,訊聯,67.17,0.87236746,1.41,2.51
1150812,1785,光洋科,15.92,2.000099,1.88,3.91
1150812,1788,杏昌,14.91,7.0,5.38,1.83
1150812,1796,金穎生技,75.0,0.7,2.28,1.63
1150812,1813,寶利徠,49.78,0.0,0.0,0.77
1150812,1815,富喬,46.15,1.0,1.11,3.99
1150812,2063,世鎧,13.22,1.49999994,6.2,1.21
1150812,2064,晉椿,612.5,0.0,0.0,0.91
1150812,2065,世豐,9.57,1.5,4.12,1.28
1150812,2066,世德,49.2,2.15,3.5,1.23
1150812,2070,精湛,23.05,1.5,2.37,2.24
1150812,2221,大甲,16.57,1.5,2.99,1.96
1150812,2235,謚源,20.59,1.5,5.36,0.84
1150812,2596,綠意,11.78,1.5,4.67,1.49
1150812,2640,大車隊,15.65,8.0,5.37,4.41
1150812,2641,正德,7.29,0.5,2.86,0.7
1150812,2643,捷迅,8.73,4.5,7.18,1.12
1150812,2718,全心投控,2.42,5.5,12.07,0.61
1150812,2719,燦星旅,47.11,0.0,0.0,1.93
1150812,2729,瓦城,26.79,6.93003843,4.3,2.73
1150812,2732,六角,33.07,3.5,5.51,1.63
1150812,2743,山富,29.13,3.2,5.63,2.12
1150812,2745,五福,8.98,7.5,8.47,3.26
1150812,2751,王座,11.54,3.99134413,7.39,2.63
1150812,2752,豆府,11.68,13.5,7.56,4.21
1150812,2754,亞洲藏壽司,17.62,1.0,1.38,1.87
1150812,2755,揚秦,14.68,5.91501916,5.66,3.55
1150812,2756,聯發國際,14.56,3.3,5.84,2.61
1150812,2916,滿心,10.57,3.6,8.78,1.72
1150812,2926,誠品生活,55.73,0.46,1.5,2.39
1150812,2937,集雅社,11.27,3.1,6.74,1.82
1150812,2941,米斯特,11.62,2.28,7.22,1.44
1150812,2947,振宇五金,21.19,1.0,1.61,1.68
1150812,2948,寶陞,17.71,2.25123097,5.89,1.11
1150812,2949,欣新網,17.63,2.03099616,3.33,1.75
1150812,3066,李洲,3.96,0.0,0.0,1.19
1150812,3067,全域,598.33,0.0,0.0,1.45
1150812,3071,協禧,43.36,0.8,3.18,1.79
1150812,3078,僑威,10.99,4.0,7.38,1.83
1150812,3081,聯亞,234.51,4.0,0.15,53.42
1150812,3083,網龍,33.63,0.33,1.34,1.64
1150812,3088,艾訊,17.54,2.93044459,2.09,2.8
1150812,3093,港建*,49.95,1.15,2.35,4.52
1150812,3095,及成,15.64,0.0,0.0,3.06
1150812,3105,穩懋,47.0,2.0,0.5,3.87
1150812,3114,好德,13.73,1.40847439,3.89,1.44
1150812,3118,進階,13.72,2.2,6.85,1.93
1150812,3128,昇銳,19.22,1.0,4.52,1.34
1150812,3131,弘塑,48.63,46.08446132,1.8,18.62
1150812,3141,晶宏,74.26,0.35759067,0.48,2.09
1150812,3147,大綜,14.26,6.5,2.83,5.18
1150812,3152,璟德,25.53,7.11102372,3.09,2.47
1150812,3158,嘉實,11.67,6.5,7.75,2.69
1150812,3162,精確,63.65,0.86510256,1.31,2.48
1150812,3163,波若威,73.27,3.5,0.49,17.6
1150812,3169,亞信,26.64,3.2,3.15,3.63
1150812,3171,炎洲流通,10.71,4.64034443,7.17,3.46
1150812,3178,公準,183.75,0.0,0.0,2.19
1150812,3188,鑫龍騰,3.33,3.19551547,13.57,1.32
1150812,3191,雲嘉南,84.77,0.0,0.0,3.38
1150812,3206,志豐,20.14,1.5,4.3,1.32
1150812,3211,順達,55.53,11.46554,2.78,7.1
1150812,3213,茂訊,13.97,7.0,5.22,2.01
1150812,3217,優群,11.73,10.0,6.76,2.75
1150812,3218,大學光,10.55,7.75,5.44,3.12
1150812,3219,倚強科,22.17,1.359535,1.85,3.48
1150812,3221,台嘉碩,168.97,0.27699409,0.57,2.46
1150812,3227,原相,17.22,10.00700533,4.91,2.05
1150812,3232,昱捷,28.03,0.5,2.51,1.34
1150812,3236,千如,107.62,0.5,1.11,2.92
1150812,3252,海灣,107.33,0.0,0.0,0.41
1150812,3260,威剛,5.29,17.0,4.15,3.37
1150812,3264,欣銓,28.26,4.2,1.94,5.23
1150812,3265,台星科,24.54,4.1,2.34,3.77
1150812,3276,宇環,68.64,0.06,0.4,1.21
1150812,3284,太普高,9.34,0.5,2.36,1.44
1150812,3285,微端,40.43,0.5,1.32,2.72
1150812,3287,廣寰科,12.53,1.5,4.23,2.36
1150812,3289,宜特,29.09,4.45846576,3.17,2.54
1150812,3290,東浦,12.04,1.5,2.68,2.15
1150812,3293,鈊象,19.35,36.0,4.61,18.28
1150812,3297,杭特,31.5,0.0,0.0,1.69
1150812,3303,岱稜,10.66,3.0,5.62,2.11
1150812,3306,鼎天,101.82,1.7,3.79,0.56
1150812,3310,佳穎,44.87,3.5,5.07,2.56
1150812,3317,尼克森,34.73,0.5,0.72,1.91
1150812,3324,雙鴻,24.22,11.90330569,1.13,7.37
1150812,3332,幸康,15.9,2.0,3.2,1.56
1150812,3357,臺慶科,23.71,5.08481026,2.21,2.67
1150812,3374,精材,51.81,2.5,0.76,9.08
1150812,3379,彬台,28.97,1.2,4.06,1.86
1150812,3388,崇越電,17.14,3.33740548,4.41,1.23
1150812,3402,漢科,17.53,6.0,4.67,4.79
1150812,3430,奇鈦科,32.85,1.6,1.42,3.34
1150812,3434,哲固,81.08,1.2,4.0,2.3
1150812,3438,類比科,40.27,1.5,2.52,1.02
1150812,3441,聯一光,35.88,0.85,0.97,4.21
1150812,3444,利機,39.15,1.8,2.31,3.34
1150812,3455,由田,124.72,3.5,1.58,5.75
1150812,3467,台灣精材,67.06,0.5,1.1,2.35
1150812,3479,安勤,20.69,4.6230529,3.29,3.15
1150812,3483,力致,25.81,3.0,3.99,1.51
1150812,3484,崧騰,12.86,2.5,4.96,1.17
1150812,3485,敘豐,36.59,4.5,2.07,3.47
1150812,3490,單井,5.3,0.5,1.49,1.17
1150812,3491,昇達科,144.42,6.8,0.52,26.07
1150812,3492,長盛,14.57,1.1,5.03,1.16
1150812,3498,陽程,100.0,0.0,0.0,3.49
1150812,3512,皇龍,10.45,1.8,9.11,0.89
1150812,3516,亞帝歐,88.79,0.2,0.78,0.99
1150812,3521,台鋼建設,7.16,0.0,0.0,1.01
1150812,3526,凡甲,16.24,16.84112667,5.84,4.66
1150812,3529,力旺,89.23,20.5,0.77,56.96
1150812,3531,先益,16.44,0.5,2.3,0.71
1150812,3537,堡達,12.22,2.0,3.57,2.45
1150812,3540,曜越,23.86,0.25737554,1.23,0.85
1150812,3541,西柏,69.69,0.0,0.0,1.71
1150812,3546,宇峻,14.66,2.50000015,3.4,2.73
1150812,3548,兆利,1556.0,1.0,1.29,0.85
1150812,3551,世禾,19.12,4.8,2.67,2.21
1150812,3552,同致,74.67,0.5,1.12,0.97
1150812,3555,博士旺,19.09,0.0,0.0,7.93
1150812,3556,禾瑞亞,17.66,1.95,3.0,3.43
1150812,3558,神準,60.75,3.0,2.31,1.28
1150812,3564,其陽,131.11,0.27,0.57,2.02
1150812,3567,逸昌,23.65,1.0,3.81,1.6
1150812,3570,大塚,11.87,9.7,5.93,2.8
1150812,3577,泓格,30.0,2.0,1.53,5.66
1150812,3580,友威科,57.43,1.2,1.49,3.05
1150812,3581,博磊,88.81,0.6,0.5,6.7
1150812,3587,閎康,38.45,4.20831878,1.66,3.05
1150812,3594,磐儀,90.0,0.4,0.71,2.43
1150812,3597,映興,33.44,0.4,1.5,1.76
1150812,3609,三一東林,3.97,0.0,0.0,1.98
1150812,3611,鼎翰,9.15,10.0,5.29,1.41
1150812,3615,安可,35.44,0.7,1.92,1.13
1150812,3623,富晶通,23.03,0.0,0.0,1.68
1150812,3624,光頡,27.03,1.1,1.27,2.84
1150812,3628,盈正,16.08,3.25,4.89,1.86
1150812,3630,新鉅科,12.44,0.0,0.0,1.79
1150812,3646,艾恩特,146.56,0.9,3.84,1.79
1150812,3663,鑫科,283.48,0.0,0.0,2.19
1150812,3675,德微,48.16,4.0,1.45,4.97
1150812,3680,家登,46.27,6.89733964,1.52,3.87
1150812,3684,榮昌,13.28,2.77366165,5.18,2.29
1150812,3687,歐買尬,14.92,2.00283945,3.03,1.28
1150812,3689,湧德,13.68,3.64839886,3.3,1.99
1150812,3693,營邦,58.3,8.0,1.59,4.08
1150812,3709,鑫聯大投控,6.3,2.15652134,3.03,2.1
1150812,4105,東洋,11.09,4.5,5.82,2.76
1150812,4107,邦特,14.44,5.5,4.8,2.35
1150812,4109,加捷生醫,373.33,0.2,1.79,0.82
1150812,4111,濟生,9.45,1.3,4.36,1.27
1150812,4114,健喬,18.86,1.64686448,5.53,1.69
1150812,4116,明基醫,14.96,2.0,5.06,1.6
1150812,4123,晟德,26.39,2.2457493,6.4,1.54
1150812,4126,太醫,12.89,4.5,5.84,1.96
1150812,4127,天良,58.94,0.0,0.0,7.84
1150812,4129,聯合,18.13,4.5,5.21,1.98
1150812,4138,曜亞,14.28,4.2,8.17,1.3
1150812,4153,鈺緯,20.18,2.0,6.04,2.01
1150812,4157,太景*-KY,113.25,0.0,0.0,6.16
1150812,4160,訊聯基因,77.5,0.49583493,1.23,2.1
1150812,4161,聿新科,12.68,0.7,3.05,1.39
1150812,4162,智擎,17.0,2.0,3.18,1.84
1150812,4163,鐿鈦,30.42,3.5,2.52,2.7
1150812,4166,友霖,30.12,0.0,0.0,2.28
1150812,4167,松瑞藥,23.65,1.48456341,8.05,1.58
1150812,4173,久裕,21.81,1.04,5.96,0.69
1150812,4175,杏一,16.23,3.0,6.0,1.33
1150812,4205,中華食,17.63,3.5,5.0,3.15
1150812,4207,環泰,10.63,1.2,5.73,1.47
1150812,4303,信立,15.11,5.0,10.64,1.33
1150812,4305,世坤,8.96,3.1,7.1,1.99
1150812,4401,東隆興,19.31,0.6,4.32,0.63
1150812,4413,飛寶企業,18.33,0.3,1.76,1.51
1150812,4416,三圓,13.06,0.0,0.0,0.45
1150812,4417,金洲,9.25,3.5,7.28,1.28
1150812,4420,光明,26.98,3.0,8.3,1.03
1150812,4430,耀億,45.77,0.5,2.8,0.57
1150812,4432,銘旺實,4.9,0.4,2.42,0.53
1150812,4433,興采,22.78,1.0,4.99,0.64
1150812,4442,竣邦-KY,11.76,3.40267927,6.44,1.84
1150812,4503,金雨,7.06,0.0,0.0,1.1
1150812,4506,崇友,15.89,5.3,4.31,3.82
1150812,4510,高鋒,46.89,0.0,0.0,2.58
1150812,4523,永彰,1.08,2.64194037,10.28,0.78
1150812,4527,方土霖,9.51,3.0,7.32,1.83
1150812,4530,宏易,128.0,0.0,0.0,2.0
1150812,4533,協易機,1340.0,0.2,0.75,1.64
1150812,4534,慶騰,180.0,0.0,0.0,4.15
1150812,4535,至興,28.71,0.8,2.76,0.87
1150812,4538,大詠城,45.0,1.0,5.7,1.26
1150812,4541,晟田,17.89,1.4,1.99,2.72
1150812,4542,科嶠,237.39,0.9345689,0.33,11.33
1150812,4543,萬在,12.58,0.7,2.17,1.03
1150812,4549,桓達,30.13,3.2,3.48,2.66
1150812,4550,長佳,12.51,1.22,5.05,0.97
1150812,4554,橙的,11.3,2.0,6.3,1.62
1150812,4556,旭然,98.06,0.6,0.59,5.07
1150812,4558,寶緯,20.22,0.0,0.0,1.01
1150812,4561,健椿,26.93,0.2,0.43,1.91
1150812,4568,科際精密,27.76,1.98027127,4.92,1.13
1150812,4580,捷流閥業,13.06,4.0,5.04,1.3
1150812,4584,君帆,15.44,2.0,5.22,1.09
1150812,4609,唐鋒,25.16,0.0,0.0,1.75
1150812,4702,中美實,6.4,0.5,5.18,0.52
1150812,4706,大恭,29.73,0.3,0.91,1.69
1150812,4707,磐亞,35.48,0.5,1.52,2.07
1150812,4711,永純,44.59,0.5,3.03,0.98
1150812,4716,大立,30.0,0.0,0.0,1.44
1150812,4721,美琪瑪,15.05,2.3,3.07,3.88
1150812,4728,雙美,29.16,12.1,3.12,17.79
1150812,4729,熒茂,44.67,0.0,0.0,1.35
1150812,4735,豪展,6.89,2.0,5.22,1.31
1150812,4741,泓瀚,88.2,0.3,0.68,1.69
1150812,4743,合一,360.38,0.0,0.0,2.19
1150812,4744,皇將,14.15,1.0,3.55,1.27
1150812,4747,強生,25.83,1.05,1.88,1.43
1150812,4749,新應材,62.76,8.0,0.99,7.26
1150812,4754,國碳科,11.67,2.3,6.1,2.13
1150812,4760,勤凱,26.38,4.7,1.83,6.14
1150812,4767,誠泰科技,18.79,1.1,4.15,0.89
1150812,4772,台特化,45.85,3.0,1.18,10.14
1150812,4903,聯光通,29.22,0.3,0.8,3.37
1150812,4905,台聯電,16.91,1.5,2.14,0.71
1150812,4907,富宇,6.37,1.5,3.28,1.76
1150812,4908,前鼎,82.07,1.0,0.62,7.13
1150812,4909,新復興,52.91,0.0,0.0,1.44
1150812,4911,德英,21.0,1.96606813,6.93,2.06
1150812,4924,欣厚-KY,13.96,0.0,0.0,0.94
1150812,4931,新盛力,44.8,2.5,0.94,10.87
1150812,4933,友輝,7.68,2.88744052,5.21,1.18
1150812,4939,亞電,70.7,0.25,0.41,3.94
1150812,4946,辣椒,72.02,0.0,0.0,4.74
1150812,4950,金耘國際,19.75,0.0,0.0,1.63
1150812,4951,精拓科,12.57,4.5,5.61,2.92
1150812,4953,緯致,12.56,5.14055403,4.11,2.17
1150812,4966,譜瑞-KY,18.8,17.7911582,3.01,2.05
1150812,4971,IET-KY,98.23,0.84741153,0.17,9.55
1150812,4973,廣穎,8.94,1.0,0.63,2.99
1150812,4974,亞泰,14.32,3.9,5.58,1.54
1150812,4979,華星光,101.45,2.15335026,0.38,19.32
1150812,4991,環宇-KY,200.21,0.0,0.0,13.74
1150812,4995,晶達,14.23,1.99286251,3.98,2.25
1150812,5009,榮剛,16.58,1.2,3.62,1.14
1150812,5013,強新,18.63,0.7,2.65,0.91
1150812,5015,華祺,14.67,0.5,2.26,1.12
1150812,5016,松和,17.08,1.0,4.07,0.81
1150812,5206,坤悅,7.89,1.5,6.58,0.95
1150812,5209,新鼎,8.95,12.94579196,7.94,4.5
1150812,5210,寶碩,31.09,0.0,0.0,2.86
1150812,5212,凌網,9.89,4.2,8.85,3.19
1150812,5213,亞昕,13.01,2.8,13.37,1.05
1150812,5228,鈺鎧,20.78,0.0,0.0,2.78
1150812,5251,天鉞電,2560.0,0.0,0.0,2.12
1150812,5263,智崴,43.13,0.0,0.0,1.68
1150812,5274,信驊,115.87,81.0,0.47,84.28
1150812,5276,達輝-KY,13.72,0.8,4.26,1.37
1150812,5278,尚凡*,21.62,1.22289304,4.96,1.97
1150812,5287,數字,10.93,11.15000008,7.31,3.73
1150812,5289,宜鼎,8.44,17.1,1.13,6.29
1150812,5291,邑昇,46.64,0.0,0.0,2.3
1150812,5299,杰力,12.83,3.66,3.55,1.58
1150812,5309,系統電,266.67,0.49890434,0.89,2.46
1150812,5310,天剛,357.14,0.0,0.0,2.63
1150812,5312,寶島科,12.14,6.5,7.31,1.25
1150812,5314,世紀*,12.14,1.765,2.82,9.59
1150812,5315,光聯,10.94,1.6,8.36,1.26
1150812,5328,華容,149.33,0.35,0.52,5.52
1150812,5340,建榮,43.74,0.6,0.75,6.54
1150812,5347,世界,34.52,4.47377334,2.8,4.76
1150812,5351,鈺創,18.89,0.0,0.0,5.56
1150812,5353,台林,15.69,0.99912875,3.52,1.47
1150812,5356,協益,55.98,2.0,7.77,0.59
1150812,5371,中光電,346.0,0.5,0.58,1.04
1150812,5381,光譜,36.89,0.0,0.0,2.23
1150812,5386,青雲,5.5,6.5,2.34,4.13
1150812,5398,慕康生醫,42.88,0.0,0.0,1.36
1150812,5403,中菲,11.83,6.5,6.99,2.84
1150812,5410,國眾,10.35,2.07469706,5.89,2.05
1150812,5425,台半,40.51,2.02154968,2.33,2.68
1150812,5426,振發,47.38,0.3,1.01,1.87
1150812,5432,新門,13.47,1.5,1.2,4.99
1150812,5438,東友,172.5,0.75,4.35,0.66
1150812,5439,高技,16.02,7.19992263,2.93,5.34
1150812,5443,均豪,50.0,2.2,1.94,0.9
1150812,5450,南良,78.95,0.25,1.67,1.04
1150812,5452,佶優,49.45,0.25,0.92,1.85
1150812,5455,昇益,8.69,0.0,0.0,1.36
1150812,5457,宣德,49.82,1.50020312,5.38,0.94
1150812,5460,同協,94.41,0.0,0.0,1.27
1150812,5465,富驊,22.57,1.2,5.06,1.38
1150812,5474,聰泰,26.75,4.0,2.56,3.18
1150812,5475,德宏,645.65,0.0,0.0,19.83
1150812,5478,智冠,12.47,7.5,7.39,1.74
1150812,5483,中美晶,26.28,3.5,1.89,2.3
1150812,5489,彩富,20.17,1.5,3.56,1.86
1150812,5490,同亨,14.83,1.5,4.91,2.11
1150812,5493,三聯,19.49,2.7,3.36,1.91
1150812,5498,凱崴,460.0,0.25,0.45,4.92
1150812,5508,永信建,17.61,2.77637,5.15,2.15
1150812,5511,德昌,5.05,5.5887165,7.75,1.13
1150812,5512,力麒,56.5,0.1,1.26,0.44
1150812,5514,三豐,57.08,0.0,0.0,0.91
1150812,5516,雙喜,10.23,0.0,0.0,1.48
1150812,5520,力泰,8.28,7.0,8.4,1.8
1150812,5529,鉅陞,7.24,0.38609252,1.81,1.4
1150812,5530,龍巖,17.75,0.0,0.0,0.72
1150812,5536,聖暉*,25.5,20.0,2.18,8.69
1150812,5547,久舜,8.24,1.94126126,9.66,1.15
1150812,5548,安倉,10.18,1.87808456,9.27,1.04
1150812,5601,台聯櫃,70.24,0.38,1.29,1.37
1150812,5603,陸海,35.5,0.5,3.52,0.8
1150812,5604,中連,29.1,2.0,6.55,1.7
1150812,5609,中菲行,10.27,5.6,7.12,1.76
1150812,5703,亞都,22.31,0.0,0.0,1.88
1150812,5704,老爺知,154.29,0.0,0.0,1.3
1150812,5864,致和證,2.41,1.6,4.78,1.18
1150812,5878,台名,13.05,2.4,6.23,1.98
1150812,5902,德記,16.67,1.65,4.73,2.66
1150812,5903,全家,23.63,6.5,3.5,4.72
1150812,5904,寶雅*,24.26,25.5,3.09,1.21
1150812,6015,宏遠證,8.45,0.54982057,3.43,1.1
1150812,6016,康和證,4.7,1.405,7.08,1.1
1150812,6020,大展證,20.1,0.27266554,1.29,1.06
1150812,6021,美好證,6.35,2.00102488,5.51,1.17
1150812,6023,元大期,10.02,5.5,6.41,1.36
1150812,6026,福邦證,8.62,1.36413977,9.31,1.02
1150812,6028,公勝保經,14.13,6.0,6.64,2.83
1150812,6101,寬魚國際,25.96,0.0,0.0,3.0
1150812,6103,合邦,73.75,0.0,0.0,2.68
1150812,6104,創惟,20.37,4.5,4.82,4.24
1150812,6113,亞矽,40.41,0.0,0.0,2.33
1150812,6114,久威,7.22,0.5,1.83,0.75
1150812,6118,建達,47.27,0.0,0.0,1.25
1150812,6121,新普,14.53,21.8,5.05,2.11
1150812,6122,擎邦,10.0,3.4,7.3,2.04
1150812,6123,上奇,15.63,3.6,8.23,1.75
1150812,6124,業強,52.88,0.0,0.0,1.6
1150812,6125,廣運,358.57,0.5,1.0,2.97
1150812,6126,信音,39.17,0.6,1.96,1.07
1150812,6134,萬旭,75.41,0.2,0.72,2.12
1150812,6138,茂達,21.46,10.94800583,3.74,6.36
1150812,6143,振曜,11.28,6.0,6.76,2.7
1150812,6146,耕興,16.87,12.0,6.23,3.67
1150812,6147,頎邦,37.8,2.8,1.79,1.99
1150812,6148,驊宏資,26.39,1.23,4.32,2.39
1150812,6150,撼訊,14.98,0.6,0.99,1.73
1150812,6151,晉倫,15.19,1.5,4.22,1.91
1150812,6154,順發,12.32,0.51,3.63,0.88
1150812,6156,松上,55.0,0.2,0.91,1.03
1150812,6161,捷波,13.11,2.2,4.07,2.26
1150812,6163,華電網,75.61,0.58,1.35,2.15
1150812,6170,統振,10.28,4.0,8.47,2.49
1150812,6171,大城地產,17.37,2.0,8.4,1.0
1150812,6173,信昌電,38.32,1.8,0.88,3.43
1150812,6174,安碁,34.69,0.34,0.77,3.29
1150812,6175,立敦,29.29,3.0,3.82,2.76
1150812,6179,亞通,143.95,0.5,1.83,1.31
1150812,6182,合晶,2575.0,0.0,0.0,3.87
1150812,6185,幃翔,59.57,0.39261977,2.87,0.96
1150812,6186,新潤,6.84,5.00793304,14.43,1.47
1150812,6187,萬潤,59.88,11.66059068,1.01,13.2
1150812,6188,廣明,25.55,3.2,4.46,1.57
1150812,6190,萬泰科,38.01,1.93303817,2.81,3.42
1150812,6194,育富,19.51,1.5,5.03,0.71
1150812,6195,詩肯,15.35,1.0,3.47,1.08
1150812,6199,天品,60.53,0.0,0.0,6.16
1150812,6203,海韻電,12.1,4.0,6.55,1.56
1150812,6204,艾華,71.25,0.5,0.58,5.49
1150812,6207,雷科,176.98,0.60275886,0.54,4.45
1150812,6208,日揚,21.47,2.0,2.45,2.48
1150812,6212,理銘,14.04,0.0,0.0,0.79
1150812,6218,豪勉,21.52,0.0,0.0,2.32
1150812,6219,富旺,15.51,0.0,0.0,0.74
1150812,6220,岳豐,22.63,0.7,2.67,1.2
1150812,6221,晉泰,10.66,1.2,5.31,1.23
1150812,6223,旺矽,175.72,22.0,0.33,41.04
1150812,6227,茂綸,9.76,4.5,3.59,3.01
1150812,6229,研通,262.22,0.6,2.54,1.34
1150812,6231,系微,29.24,5.7,2.59,9.31
1150812,6233,旺玖,101.14,0.75047485,3.37,1.17
1150812,6234,高僑,415.0,0.25,0.67,1.34
1150812,6236,中湛,1535.0,0.0,0.0,4.1
1150812,6241,鑫永洋,57.4,0.0,0.0,1.85
1150812,6242,立康,14.21,2.0,5.87,1.29
1150812,6244,茂迪,57.86,0.14,0.58,2.06
1150812,6245,立端,20.09,3.8,4.32,2.17
1150812,6246,臺龍,15.71,0.0,0.0,1.21
1150812,6248,沛波,13.7,1.21654042,6.78,0.82
1150812,6259,百徽,37.87,0.34875249,1.12,2.12
1150812,6261,久元,19.04,2.5,3.16,1.56
1150812,6263,普萊德,18.4,7.8,4.8,6.52
1150812,6265,方土昶,23.18,0.0,0.0,4.1
1150812,6266,泰詠,12.83,1.78,7.08,1.58
1150812,6270,倍微,27.97,1.0,3.22,0.88
1150812,6274,台燿,81.26,7.506577,0.47,19.83
1150812,6275,元山,17.63,1.99201364,4.47,2.14
1150812,6279,胡連,11.45,5.5,4.21,1.71
1150812,6284,佳邦,20.81,1.88959997,2.38,1.36
1150812,6290,良維,23.27,6.192344,2.83,4.7
1150812,6291,沛亨,34.76,6.0,1.49,11.88
1150812,6292,迅德,12.03,1.8,2.71,2.59
1150812,6294,智基,10.3,3.0,10.95,1.28
1150812,6411,晶焱,25.87,2.21608,2.81,1.61
1150812,6417,韋僑,17.15,2.4,2.14,2.67
1150812,6418,詠昇,58.21,0.38,1.17,2.21
1150812,6419,京晨科,12.17,0.0,0.0,3.88
1150812,6423,億而得,114.23,1.0,1.23,4.73
1150812,6432,今展科,30.58,1.2,1.62,2.68
1150812,6435,大中,24.26,7.5,2.87,5.14
1150812,6465,威潤,13.89,0.2,0.42,3.86
1150812,6469,大樹,20.55,3.75718947,5.31,2.89
1150812,6470,宇智,13.77,2.5,5.93,1.42
1150812,6474,華豫寧,12.99,2.5,6.39,1.26
1150812,6482,弘煜科,15.42,2.0,7.33,1.78
1150812,6486,互動,15.52,6.0,8.05,2.15
1150812,6488,環球晶,45.29,7.7,0.83,4.61
1150812,6494,九齊,18.56,1.0,1.81,1.7
1150812,6498,久禾光,11.34,4.5,5.98,2.44
1150812,6506,雙邦,11.61,1.0,5.78,1.12
1150812,6508,惠光,25.83,0.5,1.9,0.93
1150812,6509,聚和,14.92,1.39368235,2.87,1.82
1150812,6510,精測,66.63,15.23489734,0.54,9.19
1150812,6516,勤崴國際,28.28,2.34,3.85,3.59
1150812,6517,保勝光學,47.01,1.5,2.38,3.01
1150812,6523,達爾膚,13.62,10.0,11.11,3.18
1150812,6527,明達醫,12.56,2.9,3.96,1.8
1150812,6530,創威,36.31,2.0,2.29,6.4
1150812,6532,瑞耘,10.75,3.0,3.47,2.62
1150812,6538,倉和,161.5,1.53265649,0.95,3.23
1150812,6542,隆中,105.45,0.0204878,0.04,2.7
1150812,6546,正基,16.67,2.5,3.68,2.13
1150812,6548,長科*,33.92,1.35001156,1.79,5.37
1150812,6556,勝品,8.03,3.5,5.64,1.11
1150812,6560,欣普羅,405.63,0.0,0.0,1.61
1150812,6561,是方,21.9,14.29875469,4.35,7.76
1150812,6568,宏觀,27.94,2.0,1.43,2.75
1150812,6569,醫揚,20.26,3.0,3.15,2.4
1150812,6570,維田,34.94,1.1,1.92,2.66
1150812,6574,霈方,9.97,3.0,2.27,2.72
1150812,6577,勁豐,13.65,5.0,6.22,3.02
1150812,6584,南俊國際,71.07,2.5,0.46,10.75
1150812,6588,東典光電,539.44,0.0,0.0,4.31
1150812,6590,普鴻,12.72,4.30000018,6.52,2.35
1150812,6596,寬宏藝術,5.48,18.7,19.96,3.45
1150812,6597,立誠,42.97,1.0,1.47,2.58
1150812,6603,富強鑫,45.41,0.4,1.44,1.74
1150812,6612,奈米醫材,83.03,1.30000013,1.76,1.86
1150812,6613,朋億*,15.76,10.0,3.75,3.23
1150812,6615,慧智,88.08,0.0,0.0,1.15
1150812,6620,漢達,17.32,2.07384778,2.61,2.5
1150812,6624,萬年清,75.66,0.28759145,0.72,1.82
1150812,6629,泰金-KY,15.53,6.19621734,5.44,2.65
1150812,6637,醫影,11.13,4.5,7.35,1.53
1150812,6640,均華,59.7,15.0,1.5,5.58
1150812,6642,富致,22.75,1.8,2.09,2.96
1150812,6643,M31,480.53,1.19167362,0.26,10.23
1150812,6649,台生材,44.68,1.0,2.83,2.3
1150812,6651,全宇昕,15.45,4.0,2.9,3.64
1150812,6654,天正國際,63.96,0.0,0.0,5.57
1150812,6662,樂斯科,17.04,1.55,5.38,1.76
1150812,6664,群翊,25.19,10.14249808,2.77,5.77
1150812,6667,信紘科,16.67,11.70516944,5.1,4.95
1150812,6679,鈺太,17.18,6.5,3.07,1.92
1150812,6680,鑫創電子,54.47,0.29941167,0.58,2.24
1150812,6683,雍智科技,56.7,9.00146991,0.71,12.38
1150812,6690,安碁資訊,14.89,9.0,5.52,1.62
1150812,6693,廣閎科,37.05,0.6,0.33,6.67
1150812,6697,東捷資訊,13.5,2.6,6.3,1.87
1150812,6703,軒郁,10.27,1.0,0.96,2.85
1150812,6712,長聖,32.26,3.99999998,2.67,5.37
1150812,6716,應廣,17.55,1.60148138,1.47,3.88
1150812,6720,久昌,37.84,3.50000001,2.53,4.76
1150812,6721,信實,10.82,3.3,6.4,1.68
1150812,6725,矽科宏晟,18.72,7.0,2.84,3.86
1150812,6727,亞泰金屬,46.47,4.5,1.14,7.13
1150812,6728,上洋,11.66,6.5,6.16,1.7
1150812,6730,常廣,17.99,1.5,4.41,1.67
1150812,6732,昇佳電子,22.55,5.5,3.51,1.65
1150812,6735,美達科技,116.96,0.7,1.07,3.12
1150812,6739,竹陞科技,43.63,13.0,1.26,23.3
1150812,6741,91APP*-KY,13.32,2.05466318,3.68,2.06
1150812,6751,智聯服務,7.31,3.0,7.11,1.01
1150812,6752,叡揚,13.49,4.8,4.78,2.91
1150812,6761,穩得,24.06,6.0,3.36,3.64
1150812,6762,達亞,340.0,1.00000026,0.59,4.59
1150812,6763,綠界科技*,10.47,3.0,6.94,2.67
1150812,6788,華景電,19.66,15.0,4.13,5.82
1150812,6791,虎門科技,21.35,3.50224411,3.47,4.48
1150812,6803,崑鼎,14.51,15.78463295,5.88,2.85
1150812,6811,宏碁資訊,14.1,10.5,4.62,4.06
1150812,6821,聯寶,24.43,1.08577891,2.54,1.84
1150812,6829,千附精密,50.36,3.5,1.66,6.13
1150812,6840,東研信超,32.0,0.99915904,1.45,1.96
1150812,6841,長佳智能,80.9,1.0,1.85,3.23
1150812,6843,進典,19.7,2.0,5.0,1.5
1150812,6844,諾貝兒,18.72,4.0,6.51,0.74
1150812,6846,綠茵,12.34,3.94448057,6.8,1.71
1150812,6855,數泓科,11.92,5.5,4.66,3.11
1150812,6856,鑫傳,16.47,3.0,6.7,1.61
1150812,6859,伯特光,51.52,2.0,1.97,2.01
1150812,6870,騰雲,34.08,5.18793963,2.02,5.01
1150812,6874,倍力,19.92,4.0,5.07,3.33
1150812,6881,潤德,9.58,18.5,9.3,3.08
1150812,6884,海柏特,16.2,1.5,4.82,1.81
1150812,6894,衛司特,21.48,8.5,2.51,4.88
1150812,6895,宏碩系統,230.39,2.9,2.47,4.47
1150812,6899,創為精密,11.55,2.8,5.51,1.15
1150812,6903,巨漢,14.89,8.5,2.62,5.86
1150812,6904,伯鑫,15.9,5.0,4.13,2.22
1150812,6907,雅特力-KY,34.24,0.99438385,0.58,6.59
1150812,6910,德鴻,13.59,1.75,6.96,1.7
1150812,6913,鴻呈,22.83,2.5,1.67,3.75
1150812,6922,宸曜,21.29,4.83,2.37,5.12
1150812,6925,意藍,18.49,2.0,3.72,2.77
1150812,6953,家碩,28.53,6.0,2.73,4.34
1150812,6961,旅天下,18.14,5.0,9.67,1.34
1150812,6967,汎瑋材料,16.08,3.7,5.24,2.23
1150812,6968,萬達寵物,17.85,1.5,3.42,1.6
1150812,6971,惠民實業,11.52,1.5,5.89,1.08
1150812,6983,華洋精機,73.15,3.0,1.01,5.94
1150812,6986,和迅,16.06,0.22,0.5,2.63
1150812,6996,力領科技,11.83,10.0017858,5.62,2.77
1150812,6997,博弘,34.16,4.6,6.67,3.02
1150812,7547,碩網,22.02,1.77800547,3.27,1.84
1150812,7556,意德士,31.0,4.53536488,1.93,4.58
1150812,7642,昶瑞機電,31.98,3.0,3.8,2.5
1150812,7703,銳澤,24.16,7.0,3.89,3.09
1150812,7704,明遠精密,28.03,1.79999999,2.82,1.92
1150812,7708,全家餐飲,13.57,5.5,5.93,2.5
1150812,7709,榮田,19.41,1.5,2.07,1.67
1150812,7712,博盛半導體,21.79,4.0,2.65,2.61
1150812,7713,威力德生醫,14.6,4.1,5.79,2.86
1150812,7714,創泓科技,19.53,5.0,3.31,5.48
1150812,7715,裕山,22.97,1.8,5.41,1.21
1150812,7716,昱臺國際,18.67,1.7,7.11,1.08
1150812,7717,萊德光電-KY,73.73,3.29284754,0.75,10.23
1150812,7718,友鋮,11.42,2.5,5.21,1.35
1150812,7728,光焱科技,111.73,5.1000036,0.85,11.78
1150812,7734,印能科技,70.62,19.8506333,0.59,13.89
1150812,7738,東聯互動,12.37,10.0,5.81,2.6
1150812,7743,金利食安,42.86,0.5,2.38,1.22
1150812,7744,崴寶,27.15,7.0,1.53,5.54
1150812,7747,昕奇雲端,23.72,4.0,3.45,3.3
1150812,7751,竑騰,50.97,18.0,1.37,14.98
1150812,7753,星亞,8.63,1.5,3.95,1.67
1150812,7757,金色三麥,10.82,7.75,8.49,2.3
1150812,7767,仁大資訊,13.5,3.0,6.1,1.73
1150812,7770,君曜,15.63,2.0,5.04,2.1
1150812,7772,耀穎,116.84,1.5,1.63,2.41
1150812,7777,能率亞洲,62.66,0.25,0.62,3.56
1150812,7782,光速火箭,11.96,2.0112637,7.68,1.32
1150812,7792,安葆,21.02,8.0,3.44,3.27
1150812,7794,宏碁智新,12.05,1.6,5.44,1.76
1150812,7805,威聯通,16.18,40.00000024,5.73,3.28
1150812,7810,捷創科技,22.86,5.0,2.5,4.27
1150812,7811,民盛,10.29,5.66995644,7.96,1.2
1150812,7814,海昌生技,217.14,0.0,0.0,4.17
1150812,7819,精誠金融,19.94,1.73875353,5.04,1.46
1150812,7820,立盈,58.13,1.5,1.23,5.58
1150812,7828,創新服務,260.36,4.52980585,0.26,60.98
1150812,7839,達人網,22.1,2.03529174,4.45,2.92
1150812,7842,天能綠電,20.62,3.2,3.54,1.95
1150812,8027,鈦昇,640.0,0.0,0.0,7.12
1150812,8032,光菱,14.17,1.2,3.21,0.91
1150812,8034,榮群,16.25,1.2,6.37,1.58
1150812,8038,長園科,24.03,0.0,0.0,4.2
1150812,8040,九暘,938.75,0.0,0.0,2.92
1150812,8042,金山電,36.1,1.19592012,1.06,3.47
1150812,8043,蜜望實,35.71,0.9,0.61,4.15
1150812,8048,德勝,15.1,2.3,4.39,2.57
1150812,8049,晶采,13.9,1.4,5.27,1.22
1150812,8050,廣積,22.44,2.14765656,3.65,1.59
1150812,8064,東捷,43.42,0.98096387,0.93,4.61
1150812,8068,全達,16.93,0.0,0.0,1.38
1150812,8069,元太,17.24,5.88820682,3.55,2.97
1150812,8074,鉅橡,35.21,1.1,1.92,2.99
1150812,8076,伍豐,87.78,0.7,2.95,1.85
1150812,8077,洛碁,6.81,2.0,4.5,1.8
1150812,8083,瑞穎,13.96,10.0,6.29,5.09
1150812,8086,宏捷科,22.2,1.68,1.41,2.76
1150812,8088,品安,18.92,1.5,3.05,2.54
1150812,8091,翔名,33.29,4.21513178,1.81,3.36
1150812,8092,建暐,182.86,0.0,0.0,1.36
1150812,8096,擎亞,73.39,0.5,0.4,6.47
1150812,8099,大世科,17.63,2.1,3.62,3.55
1150812,8102,傑霖科技,45.87,1.0,1.45,3.97
1150812,8107,大億金茂,9.92,0.0,0.0,0.59
1150812,8109,博大,17.56,4.5,3.45,3.55
1150812,8111,立碁,51.58,0.6,1.02,4.64
1150812,8121,越峰,378.75,0.0,0.0,3.19
1150812,8147,正淩,40.0,3.03,2.33,3.5
1150812,8155,博智,38.6,5.15772039,1.6,5.17
1150812,8176,智捷,76.23,0.0,0.0,1.19
1150812,8182,加高,39.76,0.25,0.6,1.24
1150812,8183,精星,8.87,0.8,2.61,0.88
1150812,8227,巨有科技,30.87,1.7,1.07,5.24
1150812,8240,華宏,18.47,1.3,3.0,0.91
1150812,8255,朋程,21.93,3.4951245,2.36,1.64
1150812,8272,全景軟體,14.19,2.8,4.31,2.09
1150812,8279,生展,10.65,5.0,5.63,1.03
1150812,8284,三竹,9.56,4.00287477,6.4,2.21
1150812,8289,泰藝,44.53,0.15,0.32,1.96
1150812,8299,群聯,21.14,23.19257389,1.05,6.59
1150812,8342,益張,11.66,5.0,5.68,2.88
1150812,8349,恒耀,15.49,1.5359981,3.89,1.13
1150812,8354,冠好,6.72,0.11,0.6,0.65
1150812,8358,金居,62.37,2.0,0.48,11.36
1150812,8383,千附,18.74,2.5,3.59,2.01
1150812,8390,金益鼎,11.09,3.8,3.8,2.55
1150812,8401,白紗科,8.82,1.2,5.17,1.36
1150812,8403,盛弘,16.36,0.6,3.11,0.81
1150812,8409,商之器,17.75,0.0,0.0,1.93
1150812,8410,森田,7.28,1.6,5.01,0.63
1150812,8415,大國鋼,11.68,1.5,3.88,1.37
1150812,8416,實威,11.5,8.5,5.03,2.94
1150812,8423,保綠-KY,21.06,0.7,3.91,1.18
1150812,8424,惠普,11.77,5.0,7.25,2.04
1150812,8426,紅木-KY,10.29,0.8,3.74,0.85
1150812,8432,東生華,11.63,2.61,5.16,1.37
1150812,8433,弘帆,7.59,4.2,7.61,1.27
1150812,8435,鉅邁,10.53,3.2,5.93,2.02
1150812,8436,大江,14.15,6.0,4.82,1.79
1150812,8440,綠電,37.04,0.2,1.0,1.54
1150812,8446,華研,10.97,8.0,9.29,2.26
1150812,8455,大拓-KY,46.48,0.0,0.0,1.2
1150812,8905,裕國,63.45,0.71,2.03,1.46
1150812,8908,欣雄,18.96,1.8,4.5,3.03
1150812,8916,光隆,13.91,3.03398441,7.58,1.18
1150812,8917,欣泰,21.0,2.1,4.0,3.24
1150812,8923,時報,28.92,0.9,4.79,1.23
1150812,8924,大田,18.84,4.3,8.3,1.11
1150812,8927,北基,39.22,0.30624815,1.53,1.5
1150812,8928,鉅明,9.98,0.8,3.38,1.1
1150812,8929,富堡,38.57,0.0,0.0,0.85
1150812,8930,青鋼,11.5,2.2,7.36,1.74
1150812,8931,大汽電,34.62,1.6,3.95,2.51
1150812,8932,智通*,54.85,1.2011,0.56,15.1
1150812,8936,國統,11.98,3.0,5.77,2.04
1150812,8937,合騏*,399.17,0.0,0.0,4.32
1150812,8938,明安,10.02,4.0,7.6,1.06
1150812,8941,關中,47.42,1.0,2.27,1.59
1150812,8942,森鉅,23.02,1.0,2.5,0.83
1150812,9949,琉園,4.34,2.2,9.11,2.11
1150812,9951,皇田,9.38,3.22,6.04,1.01
1150812,9960,邁達康,14.25,1.55036921,4.77,1.55
1150812,9962,有益,45.22,0.0,0.0,0.87
