,資料日期,股票代號,名稱,本益比,殖利率,股價淨值比
0,20240613,1101,台泥,30.14,2.99,1.08
1,20240613,1102,亞泥,13.26,5.04,0.87
2,20240613,1103,嘉泥,606.67,2.75,0.57
3,20240613,1104,環泥,10.87,5.95,0.99
4,20240613,1108,幸福,13.02,5.95,1.42
5,20240613,1109,信大,9.97,6.2,0.8
6,20240613,1110,東泥,87.6,0.91,1.38
7,20240613,1201,味全,34.81,1.44,1.29
8,20240613,1203,味王,23.25,2.24,1.97
9,20240613,1210,大成,11.57,3.87,2.09
10,20240613,1215,卜蜂,14.43,5.07,3.21
11,20240613,1216,統一,24.37,3.71,3.43
12,20240613,1217,愛之味,28.14,1.9,0.85
13,20240613,1219,福壽,20.89,4.26,1.36
14,20240613,1220,台榮,13.99,1.31,1.13
15,20240613,1225,福懋油,56.56,1.52,5.9
16,20240613,1227,佳格,26.27,3.01,2.08
17,20240613,1229,聯華,25.34,3.14,2.2
18,20240613,1231,聯華食,24.88,2.51,4.22
19,20240613,1232,大統益,20.27,4.57,4.07
20,20240613,1233,天仁,31.53,2.64,2.24
21,20240613,1234,黑松,18.66,4.39,0.96
22,20240613,1235,興泰,34.6,1.1,1.45
23,20240613,1236,宏亞,100.42,2.7,0.91
24,20240613,1256,鮮活果汁-KY,16.12,3.3,1.74
25,20240613,1301,台塑,73.9,1.65,1.14
26,20240613,1303,南亞,59.64,1.4,1.09
27,20240613,1305,華夏,129.23,2.08,1.02
28,20240613,1307,三芳,12.22,4.82,1.37
29,20240613,1315,達新,19.22,6.95,0.67
30,20240613,1319,東陽,19.01,3.36,2.63
31,20240613,1321,大洋,46.98,1.05,1.36
32,20240613,1323,永裕,33.94,3.27,1.14
33,20240613,1324,地球,29.66,1.53,1.02
34,20240613,1325,恆大,83.03,1.9,0.97
35,20240613,1326,台化,27.95,2.42,0.93
36,20240613,1339,昭輝,9.74,4.52,1.27
37,20240613,1341,富林-KY,15.68,6.32,3.15
38,20240613,1342,八貫,14.66,5.31,4.0
39,20240613,1402,遠東新,22.28,3.88,0.8
40,20240613,1409,新纖,24.12,3.35,0.74
41,20240613,1410,南染,105.0,0.79,2.23
42,20240613,1414,東和,79.81,1.16,1.51
43,20240613,1416,廣豐,19.03,3.92,0.63
44,20240613,1419,新紡,22.26,2.48,1.05
45,20240613,1423,利華,93.02,1.5,1.35
46,20240613,1434,福懋,70.16,2.23,0.75
47,20240613,1436,華友聯,15.72,4.79,4.59
48,20240613,1437,勤益控,12.54,2.99,1.0
49,20240613,1439,雋揚,13.81,1.08,0.97
50,20240613,1440,南紡,11.81,1.99,1.01
51,20240613,1442,名軒,10.87,5.63,2.95
52,20240613,1444,力麗,121.63,4.11,0.89
53,20240613,1445,大宇,3.04,10.82,1.13
54,20240613,1446,宏和,18.28,1.27,4.19
55,20240613,1449,佳和,19.57,0.22,0.94
56,20240613,1452,宏益,37.17,1.75,0.83
57,20240613,1453,大將,38.33,1.09,2.03
58,20240613,1454,台富,49.26,1.49,1.29
59,20240613,1456,怡華,92.27,0.99,1.29
60,20240613,1457,宜進,8.95,6.79,0.94
61,20240613,1463,強盛,37.13,2.49,1.43
62,20240613,1464,得力,97.67,1.71,1.15
63,20240613,1465,偉全,16.61,3.34,0.95
64,20240613,1470,大統新創,37.74,2.9,1.77
65,20240613,1472,三洋實業,16.69,2.81,2.05
66,20240613,1473,台南,16.31,2.41,1.81
67,20240613,1474,弘裕,31.93,2.85,0.87
68,20240613,1475,業旺,13.04,3.09,3.1
69,20240613,1476,儒鴻,25.56,2.51,6.25
70,20240613,1477,聚陽,22.52,4.23,7.12
71,20240613,1503,士電,46.67,1.22,3.22
72,20240613,1504,東元,22.56,3.84,1.63
73,20240613,1513,中興電,49.72,1.99,4.81
74,20240613,1514,亞力,37.13,1.45,5.79
75,20240613,1515,力山,13.09,2.65,2.14
76,20240613,1516,川飛,44.25,1.32,1.94
77,20240613,1519,華城,73.61,0.84,43.06
78,20240613,1521,大億,55.07,1.77,1.67
79,20240613,1522,堤維西,15.07,2.99,2.31
80,20240613,1524,耿鼎,12.04,3.74,2.15
81,20240613,1525,江申,21.67,4.3,1.15
82,20240613,1527,鑽全,14.1,4.5,1.26
83,20240613,1529,樂事綠能,66.33,1.85,2.8
84,20240613,1530,亞崴,14.57,4.68,0.93
85,20240613,1531,高林股,49.31,1.4,0.71
86,20240613,1532,勤美,12.73,3.0,1.42
87,20240613,1535,中宇,15.21,4.79,2.26
88,20240613,1536,和大,45.63,1.84,1.71
89,20240613,1537,廣隆,17.45,4.73,2.72
90,20240613,1539,巨庭,14.13,2.56,0.94
91,20240613,1540,喬福,11.27,5.39,1.17
92,20240613,1541,錩泰,17.16,1.59,1.27
93,20240613,1558,伸興,20.04,3.76,1.22
94,20240613,1560,中砂,46.65,1.34,7.41
95,20240613,1563,巧新,26.9,2.63,2.13
96,20240613,1568,倉佑,9.05,4.7,1.65
97,20240613,1582,信錦,19.61,3.53,2.27
98,20240613,1583,程泰,12.38,5.79,1.37
99,20240613,1587,吉茂,115.96,1.51,3.29
100,20240613,1590,亞德客-KY,28.58,1.72,4.93
101,20240613,1597,直得,60.63,1.19,2.53
102,20240613,1603,華電,14.21,2.82,1.09
103,20240613,1604,聲寶,13.46,5.28,1.3
104,20240613,1605,華新,37.78,3.0,1.04
105,20240613,1608,華榮,18.7,2.57,2.07
106,20240613,1609,大亞,31.14,3.29,2.56
107,20240613,1611,中電,32.21,2.99,1.23
108,20240613,1612,宏泰,18.16,5.32,1.51
109,20240613,1614,三洋電,39.42,2.42,2.15
110,20240613,1615,大山,19.3,4.16,3.56
111,20240613,1616,億泰,18.52,1.6,2.29
112,20240613,1617,榮星,470.83,1.06,2.18
113,20240613,1618,合機,23.28,1.83,1.94
114,20240613,1701,中化,20.23,2.25,0.89
115,20240613,1702,南僑,11.15,4.38,1.45
116,20240613,1707,葡萄王,16.72,4.27,2.33
117,20240613,1708,東鹼,26.88,4.46,1.31
118,20240613,1709,和益,19.3,2.91,1.2
119,20240613,1711,永光,136.07,0.79,1.25
120,20240613,1712,興農,16.8,6.53,2.34
121,20240613,1713,國化,24.93,2.64,2.76
122,20240613,1714,和桐,13.43,3.02,0.79
123,20240613,1717,長興,19.87,2.61,1.41
124,20240613,1720,生達,14.42,3.81,2.39
125,20240613,1722,台肥,16.96,4.02,1.14
126,20240613,1723,中碳,18.31,3.65,3.03
127,20240613,1725,元禎,36.4,1.87,1.77
128,20240613,1726,永記,15.31,4.31,1.29
129,20240613,1727,中華化,265.0,1.03,1.76
130,20240613,1730,花仙子,16.95,4.99,1.87
131,20240613,1731,美吾華,19.54,4.49,1.61
132,20240613,1733,五鼎,30.23,3.34,1.92
133,20240613,1734,杏輝,15.35,4.85,1.93
134,20240613,1735,日勝化,21.12,2.79,1.16
135,20240613,1736,喬山,22.11,1.12,2.86
136,20240613,1737,臺鹽,22.91,3.54,1.03
137,20240613,1752,南光,33.1,3.82,2.37
138,20240613,1760,寶齡富錦,84.52,1.54,4.55
139,20240613,1762,中化生,29.69,1.65,1.11
140,20240613,1773,勝一,25.12,1.98,4.44
141,20240613,1776,展宇,30.0,2.87,1.15
142,20240613,1783,和康生,26.34,2.26,2.91
143,20240613,1786,科妍,39.86,2.16,5.12
144,20240613,1789,神隆,57.86,1.06,2.13
145,20240613,1795,美時,19.32,1.62,4.45
146,20240613,1808,潤隆,6.97,13.51,4.01
147,20240613,1809,中釉,283.89,0.78,1.46
148,20240613,1810,和成,372.0,1.08,0.83
149,20240613,1817,凱撒衛,10.56,4.56,1.35
150,20240613,1904,正隆,37.27,1.74,1.1
151,20240613,1906,寶隆,20.38,0.94,0.55
152,20240613,1907,永豐餘,23.43,3.03,0.81
153,20240613,2002,中鋼,116.5,1.5,1.14
154,20240613,2006,東和鋼鐵,10.81,6.04,1.74
155,20240613,2008,高興昌,12.64,4.06,1.38
156,20240613,2010,春源,14.85,5.03,1.13
157,20240613,2012,春雨,26.63,3.71,1.66
158,20240613,2013,中鋼構,20.86,3.28,2.13
159,20240613,2015,豐興,17.68,4.83,2.06
160,20240613,2020,美亞,6.25,11.1,1.96
161,20240613,2022,聚亨,65.29,1.8,1.05
162,20240613,2027,大成鋼,17.95,3.23,1.19
163,20240613,2028,威致,22.35,3.01,1.92
164,20240613,2029,盛餘,14.2,4.54,0.91
165,20240613,2031,新光鋼,10.12,4.88,1.66
166,20240613,2032,新鋼,578.33,1.15,1.35
167,20240613,2038,海光,77.88,2.47,1.03
168,20240613,2049,上銀,37.34,1.19,2.14
169,20240613,2059,川湖,31.6,1.18,6.43
170,20240613,2062,橋椿,11.14,2.87,0.74
171,20240613,2103,台橡,28.55,2.36,0.99
172,20240613,2105,正新,20.23,4.1,1.92
173,20240613,2106,建大,18.85,2.98,1.61
174,20240613,2107,厚生,14.08,4.86,0.63
175,20240613,2108,南帝,27.23,2.82,1.24
176,20240613,2109,華豐,10.94,6.27,1.59
177,20240613,2114,鑫永銓,17.0,4.85,2.52
178,20240613,2115,六暉-KY,35.21,2.99,1.06
179,20240613,2201,裕隆,16.73,2.04,1.18
180,20240613,2204,中華,12.65,4.84,2.02
181,20240613,2206,三陽工業,9.62,3.9,2.54
182,20240613,2207,和泰車,14.82,3.17,5.34
183,20240613,2211,長榮鋼,16.72,4.42,2.42
184,20240613,2227,裕日車,29.59,2.57,2.14
185,20240613,2228,劍麟,12.53,4.42,1.82
186,20240613,2231,為升,46.53,2.24,4.33
187,20240613,2233,宇隆,13.67,3.98,2.1
188,20240613,2236,百達-KY,32.47,0.93,2.41
189,20240613,2239,英利-KY,24.66,1.21,0.54
190,20240613,2247,汎德永業,14.49,5.56,2.22
191,20240613,2250,IKKA-KY,20.36,2.95,1.83
192,20240613,2301,光寶科,16.85,4.21,2.95
193,20240613,2302,麗正,32.19,1.69,1.74
194,20240613,2303,聯電,12.79,5.32,1.87
195,20240613,2308,台達電,28.49,1.82,4.35
196,20240613,2312,金寶,27.62,1.72,1.2
197,20240613,2313,華通,17.87,2.08,2.18
198,20240613,2316,楠梓電,8.08,1.07,0.93
199,20240613,2317,鴻海,17.6,2.81,1.79
200,20240613,2323,中環,16.92,5.51,0.73
201,20240613,2324,仁寶,19.17,3.35,1.3
202,20240613,2327,國巨,15.85,3.24,2.08
203,20240613,2328,廣宇,17.8,3.35,1.53
204,20240613,2329,華泰,19.67,2.04,3.91
205,20240613,2330,台積電,27.81,1.41,6.56
206,20240613,2331,精英,17.9,2.97,1.5
207,20240613,2332,友訊,28.25,3.03,1.2
208,20240613,2338,光罩,19.08,2.02,2.92
209,20240613,2340,台亞,86.63,1.25,2.12
210,20240613,2345,智邦,33.21,1.84,10.0
211,20240613,2347,聯強,17.94,3.6,1.97
212,20240613,2348,海悅,13.31,3.88,4.21
213,20240613,2351,順德,39.92,1.73,3.92
214,20240613,2352,佳世達,25.61,3.17,2.04
215,20240613,2353,宏碁,26.79,3.19,2.04
216,20240613,2354,鴻準,22.21,2.2,0.92
217,20240613,2355,敬鵬,17.28,2.75,1.09
218,20240613,2356,英業達,31.47,2.69,3.34
219,20240613,2357,華碩,15.69,3.49,1.39
220,20240613,2359,所羅門,54.37,1.01,5.64
221,20240613,2360,致茂,30.43,2.3,5.97
222,20240613,2362,藍天,21.26,2.88,0.76
223,20240613,2363,矽統,75.38,0.51,2.35
224,20240613,2364,倫飛,22.09,3.55,5.4
225,20240613,2365,昆盈,82.13,0.91,2.39
226,20240613,2367,燿華,75.92,0.81,2.41
227,20240613,2368,金像電,21.25,1.86,5.51
228,20240613,2373,震旦行,15.33,5.53,2.47
229,20240613,2374,佳能,31.28,1.67,2.34
230,20240613,2375,凱美,23.03,1.13,0.85
231,20240613,2376,技嘉,34.99,2.12,5.06
232,20240613,2377,微星,20.45,2.95,3.2
233,20240613,2379,瑞昱,28.02,2.71,6.18
234,20240613,2382,廣達,24.19,3.17,6.49
235,20240613,2383,台光電,22.24,2.21,5.98
236,20240613,2385,群光,17.78,4.12,3.74
237,20240613,2387,精元,8.04,4.98,1.19
238,20240613,2388,威盛,96.02,0.09,3.91
239,20240613,2392,正崴,14.21,2.64,1.46
240,20240613,2393,億光,19.22,4.22,1.73
241,20240613,2395,研華,31.21,2.65,7.18
242,20240613,2397,友通,29.76,4.0,2.97
243,20240613,2402,毅嘉,20.03,3.46,1.68
244,20240613,2404,漢唐,13.98,5.87,7.02
245,20240613,2405,輔信,167.08,0.85,1.84
246,20240613,2412,中華電,26.74,3.76,2.5
247,20240613,2413,環科,39.58,0.86,1.45
248,20240613,2414,精技,16.09,5.87,1.93
249,20240613,2415,錩新,125.95,2.46,1.47
250,20240613,2417,圓剛,127.0,0.34,2.04
251,20240613,2420,新巨,17.24,4.44,2.66
252,20240613,2421,建準,22.13,3.13,3.99
253,20240613,2423,固緯,14.41,5.1,2.47
254,20240613,2425,承啟,23.13,1.17,1.65
255,20240613,2427,三商電,22.7,2.81,1.99
256,20240613,2428,興勤,16.28,3.05,2.2
257,20240613,2430,燦坤,18.65,6.15,0.96
258,20240613,2432,倚天酷碁-創,19.35,4.26,1.9
259,20240613,2433,互盛電,16.02,5.61,2.25
260,20240613,2436,偉詮電,43.15,1.9,3.1
261,20240613,2439,美律,16.98,3.75,2.24
262,20240613,2441,超豐,16.5,3.99,1.57
263,20240613,2442,新美齊,12.18,1.04,1.79
264,20240613,2449,京元電子,19.25,3.38,2.82
265,20240613,2450,神腦,15.98,5.03,1.7
266,20240613,2451,創見,20.44,4.1,2.9
267,20240613,2453,凌群,22.33,3.85,3.19
268,20240613,2454,聯發科,24.06,3.97,5.98
269,20240613,2455,全新,44.87,1.44,8.67
270,20240613,2458,義隆,18.3,3.17,5.23
271,20240613,2459,敦吉,12.64,5.46,1.51
272,20240613,2461,光群雷,62.75,2.63,1.46
273,20240613,2462,良得電,18.19,3.28,1.66
274,20240613,2464,盟立,71.67,0.78,3.02
275,20240613,2467,志聖,37.96,2.24,5.77
276,20240613,2468,華經,21.86,3.02,1.47
277,20240613,2471,資通,15.63,5.72,2.95
278,20240613,2472,立隆電,13.47,3.45,1.8
279,20240613,2474,可成,12.08,4.39,0.93
280,20240613,2476,鉅祥,25.85,2.34,2.94
281,20240613,2477,美隆電,34.29,2.31,0.85
282,20240613,2478,大毅,18.28,2.83,1.14
283,20240613,2480,敦陽科,17.17,5.29,4.78
284,20240613,2481,強茂,25.73,2.05,1.69
285,20240613,2482,連宇,20.5,2.44,2.32
286,20240613,2483,百容,52.6,1.19,1.09
287,20240613,2484,希華,23.76,4.75,1.23
288,20240613,2486,一詮,155.7,0.53,6.33
289,20240613,2488,漢平,10.37,5.81,1.5
290,20240613,2489,瑞軒,31.05,2.81,1.04
291,20240613,2492,華新科,23.44,1.91,1.12
292,20240613,2493,揚博,15.91,5.34,4.13
293,20240613,2495,普安,25.83,2.51,1.76
294,20240613,2496,卓越,12.24,6.34,1.77
295,20240613,2497,怡利電,28.43,1.72,3.17
296,20240613,2501,國建,14.91,3.02,1.42
297,20240613,2504,國產,16.11,4.38,2.22
298,20240613,2505,國揚,38.19,1.45,1.04
299,20240613,2511,太子,36.32,2.91,0.78
300,20240613,2515,中工,39.15,3.24,1.09
301,20240613,2520,冠德,11.93,3.06,1.61
302,20240613,2527,宏璟,17.99,3.16,0.99
303,20240613,2530,華建,54.0,1.18,3.78
304,20240613,2534,宏盛,58.48,3.72,0.86
305,20240613,2535,達欣工,12.61,5.35,1.71
306,20240613,2536,宏普,36.51,1.43,1.0
307,20240613,2539,櫻花建,33.53,2.77,5.07
308,20240613,2540,愛山林,39.01,2.98,6.64
309,20240613,2542,興富發,45.09,3.05,1.94
310,20240613,2543,皇昌,19.57,3.75,3.64
311,20240613,2545,皇翔,13.16,4.04,1.55
312,20240613,2546,根基,12.17,4.41,2.57
313,20240613,2548,華固,20.92,4.84,2.61
314,20240613,2597,潤弘,16.43,5.12,5.16
315,20240613,2603,長榮,8.62,5.19,0.87
316,20240613,2605,新興,27.04,2.41,1.1
317,20240613,2606,裕民,14.41,4.35,1.24
318,20240613,2607,榮運,12.03,3.44,1.03
319,20240613,2608,嘉里大榮,12.34,5.77,1.66
320,20240613,2609,陽明,23.51,2.76,0.87
321,20240613,2610,華航,16.09,3.02,1.79
322,20240613,2611,志信,9.17,7.02,1.87
323,20240613,2612,中航,32.41,2.16,0.76
324,20240613,2613,中櫃,40.69,1.35,1.95
325,20240613,2615,萬海,248.24,1.78,1.09
326,20240613,2616,山隆,96.54,1.71,0.7
327,20240613,2617,台航,8.08,4.45,0.91
328,20240613,2618,長榮航,8.97,4.97,1.96
329,20240613,2630,亞航,88.3,1.36,2.41
330,20240613,2633,台灣高鐵,21.44,3.42,2.28
331,20240613,2634,漢翔,20.11,2.67,2.78
332,20240613,2636,台驊投控,9.2,6.53,1.57
333,20240613,2637,慧洋-KY,10.52,3.99,1.06
334,20240613,2642,宅配通,32.89,2.13,1.61
335,20240613,2645,長榮航太,20.37,4.05,3.52
336,20240613,2701,萬企,24.72,2.14,0.71
337,20240613,2704,國賓,13.51,1.45,0.68
338,20240613,2706,第一店,26.69,2.22,0.78
339,20240613,2707,晶華,19.72,4.97,8.05
340,20240613,2712,遠雄來,125.83,1.39,2.54
341,20240613,2722,夏都,81.97,0.86,3.48
342,20240613,2723,美食-KY,24.22,3.88,1.43
343,20240613,2727,王品,14.93,6.26,5.61
344,20240613,2731,雄獅,8.81,5.21,3.53
345,20240613,2748,雲品,21.76,2.84,2.69
346,20240613,2753,八方雲集,19.02,4.23,3.41
347,20240613,2762,世界健身-KY,29.17,6.38,2.62
348,20240613,2801,彰銀,14.72,4.81,1.01
349,20240613,2809,京城銀,9.4,4.8,1.32
350,20240613,2812,台中銀,12.96,5.22,1.22
351,20240613,2820,華票,16.87,4.76,0.81
352,20240613,2832,台產,9.01,4.59,0.87
353,20240613,2834,臺企銀,14.17,7.87,1.14
354,20240613,2836,高雄銀,25.65,5.08,0.86
355,20240613,2838,聯邦銀,14.19,5.71,0.87
356,20240613,2845,遠東銀,13.97,6.45,1.05
357,20240613,2849,安泰銀,14.02,2.66,0.83
358,20240613,2850,新產,8.88,5.31,1.61
359,20240613,2851,中再保,8.4,5.32,1.02
360,20240613,2852,第一保,9.02,4.62,0.88
361,20240613,2855,統一證,9.7,4.77,1.19
362,20240613,2880,華南金,15.49,5.15,1.58
363,20240613,2881,富邦金,13.51,3.28,1.24
364,20240613,2882,國泰金,11.48,3.44,1.09
365,20240613,2883,開發金,11.88,3.29,0.96
366,20240613,2884,玉山金,20.5,4.88,1.83
367,20240613,2885,元大金,13.5,4.06,1.36
368,20240613,2886,兆豐金,16.72,4.56,1.57
369,20240613,2887,台新金,17.38,5.38,1.14
370,20240613,2889,國票金,26.36,6.3,1.26
371,20240613,2890,永豐金,13.56,4.17,1.51
372,20240613,2891,中信金,11.67,4.85,1.59
373,20240613,2892,第一金,16.55,4.14,1.46
374,20240613,2897,王道銀行,11.67,4.29,0.76
375,20240613,2901,欣欣,60.11,1.33,2.22
376,20240613,2903,遠百,17.6,5.02,1.4
377,20240613,2904,匯僑,23.37,3.09,1.26
378,20240613,2906,高林,34.1,2.88,1.3
379,20240613,2908,特力,45.98,2.74,1.61
380,20240613,2910,統領,23.72,1.27,1.78
381,20240613,2912,統一超,26.14,3.33,6.68
382,20240613,2915,潤泰全,6.16,3.66,0.71
383,20240613,2923,鼎固-KY,59.58,0.7,0.99
384,20240613,2945,三商家購,24.69,2.73,1.58
385,20240613,3002,歐格,61.8,2.07,1.17
386,20240613,3003,健和興,22.18,1.89,2.0
387,20240613,3004,豐達科,16.25,2.41,2.38
388,20240613,3005,神基,16.94,4.42,3.39
389,20240613,3008,大立光,15.33,2.84,1.89
390,20240613,3010,華立,14.83,3.9,1.68
391,20240613,3013,晟銘電,60.19,0.43,5.34
392,20240613,3014,聯陽,17.04,4.61,4.11
393,20240613,3015,全漢,19.52,4.88,0.87
394,20240613,3016,嘉晶,108.14,0.78,3.84
395,20240613,3017,奇鋐,46.57,0.98,12.7
396,20240613,3019,亞光,22.67,2.55,1.53
397,20240613,3021,鴻名,17.39,1.27,1.44
398,20240613,3022,威強電,9.88,4.24,1.38
399,20240613,3023,信邦,21.51,3.24,4.77
400,20240613,3024,憶聲,56.71,0.46,2.09
401,20240613,3025,星通,19.91,4.74,4.36
402,20240613,3026,禾伸堂,23.53,5.07,1.78
403,20240613,3027,盛達,35.93,0.95,2.0
404,20240613,3028,增你強,19.59,5.61,1.49
405,20240613,3029,零壹,18.16,4.78,3.43
406,20240613,3030,德律,36.06,1.82,5.58
407,20240613,3031,佰鴻,21.14,3.75,1.28
408,20240613,3032,偉訓,12.12,4.86,2.51
409,20240613,3033,威健,20.57,5.36,1.76
410,20240613,3034,聯詠,15.77,5.26,5.13
411,20240613,3035,智原,58.57,1.46,5.89
412,20240613,3036,文曄,26.84,1.59,1.53
413,20240613,3037,欣興,27.18,1.63,2.96
414,20240613,3038,全台,10.55,5.06,1.89
415,20240613,3040,遠見,35.9,2.63,1.61
416,20240613,3042,晶技,18.77,3.78,2.9
417,20240613,3044,健鼎,16.6,3.51,2.4
418,20240613,3045,台灣大,25.6,4.06,3.65
419,20240613,3046,建碁,19.63,3.13,3.78
420,20240613,3048,益登,114.84,2.72,1.88
421,20240613,3050,鈺德,30.43,2.38,1.3
422,20240613,3051,力特,19.82,2.99,2.21
423,20240613,3052,夆典,12.48,4.58,0.79
424,20240613,3056,富華新,47.57,2.36,1.75
425,20240613,3059,華晶科,31.38,1.72,1.26
426,20240613,3090,日電貿,17.75,5.0,2.45
427,20240613,3094,聯傑,68.8,1.93,2.64
428,20240613,3130,一零四,17.3,5.84,4.42
429,20240613,3138,耀登,37.65,2.03,3.21
430,20240613,3164,景岳,35.43,2.04,1.6
431,20240613,3167,大量,233.75,0.89,2.17
432,20240613,3168,眾福科,17.76,5.6,2.79
433,20240613,3189,景碩,647.86,1.1,1.31
434,20240613,3209,全科,14.04,5.89,1.81
435,20240613,3231,緯創,21.03,2.4,2.76
436,20240613,3257,虹冠電,17.2,4.94,3.27
437,20240613,3266,昇陽,11.03,2.91,1.48
438,20240613,3305,昇貿,33.57,2.66,2.04
439,20240613,3311,閎暉,21.93,3.02,1.0
440,20240613,3312,弘憶股,32.39,1.7,4.06
441,20240613,3338,泰碩,26.25,2.34,3.75
442,20240613,3346,麗清,15.72,3.52,1.45
443,20240613,3356,奇偶,14.72,4.11,3.15
444,20240613,3376,新日興,50.75,1.48,3.17
445,20240613,3380,明泰,42.16,2.96,1.9
446,20240613,3406,玉晶光,17.22,2.0,3.19
447,20240613,3413,京鼎,14.51,3.56,2.59
448,20240613,3416,融程電,23.22,3.31,4.19
449,20240613,3443,創意,64.18,0.9,20.05
450,20240613,3454,晶睿,34.34,2.67,3.46
451,20240613,3501,維熹,14.8,3.97,1.37
452,20240613,3515,華擎,25.0,3.05,3.54
453,20240613,3528,安馳,28.66,3.04,1.87
454,20240613,3532,台勝科,22.74,2.88,2.82
455,20240613,3533,嘉澤,27.52,1.63,5.82
456,20240613,3543,州巧,29.11,4.35,0.73
457,20240613,3545,敦泰,46.91,1.1,2.06
458,20240613,3557,嘉威,11.26,4.14,2.36
459,20240613,3563,牧德,81.48,1.67,5.09
460,20240613,3583,辛耘,39.27,1.14,6.96
461,20240613,3588,通嘉,90.53,0.7,3.04
462,20240613,3591,艾笛森,64.09,1.77,1.37
463,20240613,3592,瑞鼎,17.7,3.56,3.06
464,20240613,3596,智易,14.01,4.32,2.55
465,20240613,3617,碩天,14.13,2.94,3.47
466,20240613,3622,洋華,15.75,2.87,1.54
467,20240613,3652,精聯,52.66,1.04,1.41
468,20240613,3653,健策,58.79,0.95,13.54
469,20240613,3661,世芯-KY,53.05,0.87,6.34
470,20240613,3665,貿聯-KY,21.89,2.96,2.06
471,20240613,3669,圓展,16.88,2.55,1.43
472,20240613,3673,TPK-KY,66.73,1.36,0.38
473,20240613,3679,新至陞,12.07,5.28,1.86
474,20240613,3694,海華,21.4,1.98,2.47
475,20240613,3701,大眾控,33.82,1.36,2.75
476,20240613,3702,大聯大,17.25,4.07,1.79
477,20240613,3703,欣陸,18.38,4.21,1.09
478,20240613,3704,合勤控,17.38,3.77,1.46
479,20240613,3705,永信,15.58,4.27,2.04
480,20240613,3706,神達,23.55,2.86,0.92
481,20240613,3708,上緯投控,11.01,4.2,1.84
482,20240613,3711,日月光投控,22.44,3.17,2.43
483,20240613,3712,永崴投控,16.14,4.02,1.46
484,20240613,3715,定穎投控,14.41,2.43,2.52
485,20240613,4104,佳醫,19.13,4.79,1.67
486,20240613,4106,雃博,19.79,2.89,1.2
487,20240613,4119,旭富,38.96,1.39,2.09
488,20240613,4133,亞諾法,32.37,2.25,1.52
489,20240613,4137,麗豐-KY,18.63,6.33,2.46
490,20240613,4148,全宇生技-KY,24.95,2.01,1.42
491,20240613,4155,訊映,183.21,1.17,1.56
492,20240613,4164,承業醫,25.76,3.81,1.43
493,20240613,4306,炎洲,14.38,4.83,1.08
494,20240613,4438,廣越,17.76,4.56,1.48
495,20240613,4439,冠星-KY,13.54,3.6,1.27
496,20240613,4440,宜新實業,25.0,3.92,1.36
497,20240613,4532,瑞智,15.73,3.55,1.44
498,20240613,4536,拓凱,12.37,4.22,2.13
499,20240613,4545,銘鈺,28.65,2.04,1.96
500,20240613,4551,智伸科,24.95,2.18,1.65
501,20240613,4552,力達-KY,8.9,3.9,0.54
502,20240613,4557,永新-KY,12.53,5.13,2.24
503,20240613,4560,強信-KY,28.84,2.69,1.42
504,20240613,4566,時碩工業,22.46,1.74,1.89
505,20240613,4569,六方科-KY,19.77,4.46,1.23
506,20240613,4571,鈞興-KY,23.6,2.09,2.86
507,20240613,4572,駐龍,21.64,3.38,2.92
508,20240613,4581,光隆精密-KY,10.74,5.76,1.89
509,20240613,4583,台灣精銳,20.23,3.79,2.25
510,20240613,4588,玖鼎電力,32.24,2.54,5.66
511,20240613,4720,德淵,16.71,2.61,1.58
512,20240613,4722,國精化,19.31,2.31,1.51
513,20240613,4736,泰博,15.38,6.06,1.69
514,20240613,4737,華廣,628.18,2.89,2.22
515,20240613,4739,康普,1116.67,1.19,1.43
516,20240613,4746,台耀,211.09,2.06,1.56
517,20240613,4755,三福化,30.7,2.5,3.23
518,20240613,4763,材料-KY,10.65,1.47,5.76
519,20240613,4766,南寶,17.81,4.19,3.53
520,20240613,4770,上品,19.08,3.08,4.43
521,20240613,4771,望隼,29.91,1.22,5.26
522,20240613,4904,遠傳,27.02,3.82,3.3
523,20240613,4906,正文,24.71,3.94,1.17
524,20240613,4912,聯德控股-KY,24.0,1.39,2.1
525,20240613,4915,致伸,20.35,3.62,2.81
526,20240613,4916,事欣科,52.86,1.35,1.39
527,20240613,4919,新唐,24.22,2.41,3.3
528,20240613,4930,燦星網,8.76,6.91,0.84
529,20240613,4935,茂林-KY,14.59,2.37,0.98
530,20240613,4938,和碩,19.45,3.43,1.64
531,20240613,4942,嘉彰,10.13,4.95,0.77
532,20240613,4949,有成精密,8.53,8.79,1.16
533,20240613,4952,凌通,38.07,1.89,3.43
534,20240613,4958,臻鼎-KY,16.88,2.76,1.15
535,20240613,4961,天鈺,15.8,3.86,1.89
536,20240613,4967,十銓,20.95,1.19,4.51
537,20240613,4977,眾達-KY,39.47,2.93,1.58
538,20240613,4994,傳奇,34.89,3.07,6.62
539,20240613,4999,鑫禾,32.18,2.82,0.78
540,20240613,5007,三星,16.01,5.24,2.65
541,20240613,5203,訊連,30.33,2.73,1.74
542,20240613,5215,科嘉-KY,16.23,2.91,0.99
543,20240613,5222,全訊,26.09,2.48,5.78
544,20240613,5225,東科-KY,12.6,6.0,2.98
545,20240613,5234,達興材料,30.67,2.55,5.85
546,20240613,5243,乙盛-KY,20.57,2.45,1.4
547,20240613,5244,弘凱,18.14,2.65,1.8
548,20240613,5258,虹堡,15.94,1.28,3.53
549,20240613,5269,祥碩,52.06,0.98,7.4
550,20240613,5283,禾聯碩,16.9,7.41,2.04
551,20240613,5284,jpp-KY,25.71,4.27,2.5
552,20240613,5285,界霖,32.55,2.84,2.61
553,20240613,5288,豐祥-KY,12.89,3.82,2.74
554,20240613,5292,華懋,18.71,3.13,4.4
555,20240613,5306,桂盟,27.77,2.47,2.29
556,20240613,5388,中磊,12.9,4.46,2.32
557,20240613,5434,崇越,18.8,3.5,3.78
558,20240613,5469,瀚宇博,11.12,2.92,0.91
559,20240613,5471,松翰,39.1,2.29,2.41
560,20240613,5515,建國,13.07,4.05,1.21
561,20240613,5519,隆大,10.82,4.39,2.11
562,20240613,5522,遠雄,22.58,3.96,1.57
563,20240613,5525,順天,14.98,5.03,1.91
564,20240613,5533,皇鼎,12.06,5.05,0.73
565,20240613,5534,長虹,19.0,4.72,1.69
566,20240613,5538,東明-KY,28.61,3.04,0.98
567,20240613,5607,遠雄港,22.99,3.03,1.86
568,20240613,5706,鳳凰,21.28,3.92,3.68
569,20240613,5871,中租-KY,11.41,4.32,1.69
570,20240613,5876,上海商銀,14.98,3.95,1.15
571,20240613,5880,合庫金,21.46,3.88,1.53
572,20240613,5906,台南-KY,27.95,2.99,3.24
573,20240613,6005,群益證,12.2,5.4,1.29
574,20240613,6024,群益期,12.34,5.67,1.71
575,20240613,6108,競國,28.04,2.41,0.91
576,20240613,6112,邁達特,21.3,4.32,2.87
577,20240613,6115,鎰勝,17.29,5.34,1.99
578,20240613,6120,達運,30.59,0.64,1.12
579,20240613,6128,上福,11.6,6.55,1.19
580,20240613,6133,金橋,64.58,3.23,1.61
581,20240613,6136,富爾特,25.11,5.19,0.64
582,20240613,6139,亞翔,14.65,4.08,3.94
583,20240613,6155,鈞寶,30.16,3.0,1.6
584,20240613,6165,浪凡,47.82,0.98,2.32
585,20240613,6166,凌華,93.59,1.37,3.06
586,20240613,6168,宏齊,46.27,2.12,1.59
587,20240613,6176,瑞儀,15.52,4.62,2.73
588,20240613,6177,達麗,12.64,5.89,2.67
589,20240613,6183,關貿,23.0,3.74,4.06
590,20240613,6184,大豐電,15.78,5.42,1.94
591,20240613,6189,豐藝,16.98,3.82,3.27
592,20240613,6191,精成科,10.77,4.62,1.54
593,20240613,6192,巨路,13.98,3.97,1.93
594,20240613,6196,帆宣,15.05,3.66,2.82
595,20240613,6197,佳必琪,28.13,2.37,6.77
596,20240613,6201,亞弘電,13.77,6.14,2.28
597,20240613,6202,盛群,466.92,0.74,3.62
598,20240613,6205,詮欣,48.19,2.01,2.47
599,20240613,6206,飛捷,20.11,4.22,2.76
600,20240613,6213,聯茂,55.53,1.3,2.11
601,20240613,6214,精誠,18.96,4.06,2.12
602,20240613,6215,和椿,61.02,1.67,3.47
603,20240613,6216,居易,23.88,3.59,2.47
604,20240613,6224,聚鼎,35.5,2.84,1.78
605,20240613,6230,尼得科超眾,47.19,0.35,4.42
606,20240613,6235,華孚,20.29,1.99,4.09
607,20240613,6239,力成,16.44,3.69,2.49
608,20240613,6243,迅杰,38.0,1.91,3.35
609,20240613,6257,矽格,16.75,3.29,2.19
610,20240613,6269,台郡,14.18,5.73,1.16
611,20240613,6271,同欣電,28.52,1.54,1.34
612,20240613,6277,宏正,20.44,5.18,2.16
613,20240613,6278,台表科,11.88,4.24,1.72
614,20240613,6281,全國電,17.15,5.34,3.31
615,20240613,6285,啟碁,19.27,3.8,2.37
616,20240613,6288,聯嘉,112.59,0.66,2.02
617,20240613,6409,旭隼,43.24,2.12,16.4
618,20240613,6412,群電,16.45,4.29,4.56
619,20240613,6414,樺漢,18.96,3.44,2.02
620,20240613,6415,矽力*-KY,317.09,0.39,6.08
621,20240613,6416,瑞祺電通,33.38,2.1,3.0
622,20240613,6423,億而得-創,81.51,1.03,8.63
623,20240613,6438,迅得,14.35,4.63,2.16
624,20240613,6442,光聖,68.67,0.82,7.06
625,20240613,6443,元晶,37.05,1.48,1.81
626,20240613,6449,鈺邦,24.95,1.85,3.46
627,20240613,6451,訊芯-KY,76.53,1.16,3.39
628,20240613,6464,台數科,14.95,5.08,1.33
629,20240613,6472,保瑞,28.92,1.55,9.01
630,20240613,6477,安集,82.73,2.2,1.38
631,20240613,6491,晶碩,20.27,2.11,3.84
632,20240613,6504,南六,29.32,1.51,1.45
633,20240613,6505,台塑化,27.92,3.03,1.96
634,20240613,6515,穎崴,66.38,1.11,10.31
635,20240613,6525,捷敏-KY,15.14,5.3,2.15
636,20240613,6526,達發,104.38,0.64,8.11
637,20240613,6531,愛普*,32.55,1.99,5.37
638,20240613,6534,正瀚-創,17.37,4.95,3.23
639,20240613,6552,易華電,104.39,0.5,1.87
640,20240613,6579,研揚,26.22,3.66,2.71
641,20240613,6581,鋼聯,20.95,4.15,3.06
642,20240613,6585,鼎基,23.16,2.19,3.9
643,20240613,6591,動力-KY,18.01,4.46,1.28
644,20240613,6592,和潤企業,20.37,3.6,2.11
645,20240613,6605,帝寶,13.91,2.76,2.18
646,20240613,6606,建德工業,28.37,5.4,1.86
647,20240613,6625,必應,13.5,4.58,4.77
648,20240613,6641,基士德-KY,20.45,2.43,1.02
649,20240613,6655,科定,34.94,7.32,3.95
650,20240613,6658,聯策,54.06,2.47,1.56
651,20240613,6666,羅麗芬-KY,33.62,2.09,1.79
652,20240613,6669,緯穎,35.29,1.55,9.78
653,20240613,6670,復盛應用,15.01,4.21,3.2
654,20240613,6671,三能-KY,14.97,5.49,1.71
655,20240613,6672,騰輝電子-KY,13.24,4.06,1.86
656,20240613,6689,伊雲谷,38.43,1.85,2.48
657,20240613,6691,洋基工程,21.48,4.21,8.12
658,20240613,6715,嘉基,29.59,1.94,3.4
659,20240613,6719,力智,130.26,0.84,2.97
660,20240613,6742,澤米,270.0,1.71,3.34
661,20240613,6753,龍德造船,19.01,1.34,3.9
662,20240613,6754,匯僑設計,14.08,5.43,2.13
663,20240613,6756,威鋒電子,65.11,0.99,5.04
664,20240613,6768,志強-KY,21.94,4.05,1.29
665,20240613,6771,平和環保-創,14.12,5.95,3.06
666,20240613,6776,展碁國際,12.45,5.55,2.3
667,20240613,6781,AES-KY,29.68,1.84,3.92
668,20240613,6782,視陽,40.03,0.87,5.79
669,20240613,6789,采鈺,234.48,0.29,6.41
670,20240613,6790,永豐實,12.63,5.78,2.31
671,20240613,6792,詠業,21.23,4.43,2.4
672,20240613,6796,晉弘,55.85,2.19,3.63
673,20240613,6799,來頡,28.68,2.01,4.79
674,20240613,6805,富世達,70.94,0.68,12.24
675,20240613,6806,森崴能源,42.37,1.15,2.43
676,20240613,6807,峰源-KY,10.47,4.2,1.6
677,20240613,6830,汎銓,29.83,3.27,2.51
678,20240613,6835,圓裕,13.43,3.76,2.24
679,20240613,6861,睿生光電,27.75,1.48,2.28
680,20240613,6863,永道-KY,31.46,1.32,3.01
681,20240613,6869,雲豹能源-創,16.0,4.77,3.7
682,20240613,6873,泓德能源-創,21.59,2.55,3.2
683,20240613,6890,來億-KY,34.45,2.31,2.52
684,20240613,6906,現觀科,46.39,1.95,5.42
685,20240613,6914,阜爾運通,17.75,3.1,4.63
686,20240613,6916,華凌,34.18,3.61,1.66
687,20240613,6928,攸泰科技,22.7,1.47,4.17
688,20240613,6933,AMAX-KY,55.15,0.89,6.56
689,20240613,6937,天虹,43.63,1.01,4.34
690,20240613,6952,大武山,44.62,2.13,2.42
691,20240613,8016,矽創,16.75,4.29,3.3
692,20240613,8028,昇陽半導體,42.58,2.32,3.35
693,20240613,8039,台虹,20.52,2.55,1.54
694,20240613,8046,南電,37.52,2.84,2.79
695,20240613,8070,長華*,21.73,4.85,2.13
696,20240613,8072,陞泰,29.54,2.62,1.04
697,20240613,8081,致新,16.67,4.47,4.19
698,20240613,8103,瀚荃,15.74,2.58,1.36
699,20240613,8105,凌巨,24.91,0.72,0.77
700,20240613,8110,華東,94.05,1.01,0.96
701,20240613,8112,至上,18.6,4.8,2.81
702,20240613,8114,振樺電,27.84,2.9,3.18
703,20240613,8131,福懋科,26.44,2.33,1.49
704,20240613,8150,南茂,15.15,4.05,1.28
705,20240613,8163,達方,11.62,5.8,1.69
706,20240613,8210,勤誠,25.55,1.66,5.92
707,20240613,8213,志超,10.04,2.61,0.68
708,20240613,8215,明基材,26.08,3.68,1.9
709,20240613,8222,寶一,35.28,0.69,3.49
710,20240613,8249,菱光,18.53,3.81,0.73
711,20240613,8261,富鼎,27.26,3.03,1.81
712,20240613,8271,宇瞻,16.1,4.65,1.84
713,20240613,8341,日友,37.91,3.89,2.75
714,20240613,8367,建新國際,16.7,5.09,1.38
715,20240613,8411,福貞-KY,60.87,0.57,0.52
716,20240613,8422,可寧衛,22.41,5.25,3.2
717,20240613,8438,昶昕,28.11,2.24,1.61
718,20240613,8442,威宏-KY,11.16,4.47,2.53
719,20240613,8454,富邦媒,27.96,3.49,9.14
720,20240613,8462,柏文,51.73,1.77,5.17
721,20240613,8463,潤泰材,25.71,2.26,1.88
722,20240613,8464,億豐,18.86,3.22,4.86
723,20240613,8473,山林水,34.49,0.84,1.07
724,20240613,8476,台境,12.52,3.99,2.53
725,20240613,8478,東哥遊艇,16.36,3.23,4.92
726,20240613,8481,政伸,31.66,3.61,2.43
727,20240613,8482,商億-KY,18.62,3.63,1.95
728,20240613,8487,愛爾達-創,15.75,5.57,3.21
729,20240613,8499,鼎炫-KY,11.55,3.21,0.65
730,20240613,8926,台汽電,38.51,4.14,2.16
731,20240613,8996,高力,75.62,0.82,17.08
732,20240613,9802,鈺齊-KY,18.91,3.86,1.99
733,20240613,9902,台火,28.45,1.82,1.26
734,20240613,9904,寶成,7.58,2.99,0.79
735,20240613,9905,大華,15.81,4.52,0.95
736,20240613,9906,欣巴巴,16.83,6.49,4.93
737,20240613,9907,統一實,44.85,1.97,1.23
738,20240613,9908,大台北,14.13,3.71,1.18
739,20240613,9910,豐泰,28.55,2.7,6.18
740,20240613,9911,櫻花,15.46,4.54,3.34
741,20240613,9914,美利達,45.83,2.54,3.25
742,20240613,9917,中保科,21.55,4.11,4.24
743,20240613,9918,欣天然,18.96,3.65,2.38
744,20240613,9919,康那香,6.83,1.31,1.58
745,20240613,9921,巨大,27.51,2.31,2.45
746,20240613,9924,福興,9.07,5.68,1.49
747,20240613,9925,新保,17.29,4.72,1.43
748,20240613,9926,新海,21.05,3.7,2.35
749,20240613,9927,泰銘,11.6,6.52,2.26
750,20240613,9930,中聯資源,17.33,4.53,2.6
751,20240613,9931,欣高,23.01,2.67,1.63
752,20240613,9933,中鼎,19.94,4.2,2.31
753,20240613,9934,成霖,11.67,6.12,1.27
754,20240613,9935,慶豐富,20.08,1.95,1.92
755,20240613,9937,全國,26.05,3.15,3.59
756,20240613,9938,百和,25.67,1.49,1.68
757,20240613,9939,宏全,17.1,3.26,3.04
758,20240613,9940,信義,13.37,5.14,1.74
759,20240613,9941,裕融,17.58,3.89,2.67
760,20240613,9942,茂順,11.13,5.47,2.55
761,20240613,9943,好樂迪,15.22,5.79,3.09
762,20240613,9944,新麗,225.0,2.67,0.66
763,20240613,9945,潤泰新,9.01,3.33,1.24
764,20240613,9946,三發地產,112.76,1.63,2.11
765,20240613,9958,世紀鋼,52.31,0.83,7.34
