資料日期,股票代號,名稱,本益比,每股股利,殖利率,股價淨值比
1130614,1240,茂生農經,11.39,2.7,5.0,1.52
1130614,1259,安心,14.11,1.8,2.48,0.93
1130614,1264,德麥,16.76,14.0,4.43,4.12
1130614,1268,漢來美食,18.22,7.0,4.12,3.04
1130614,1336,台翰,13.0,0.41,1.97,0.89
1130614,1565,精華,16.59,7.0,3.71,1.59
1130614,1569,濱川,132.5,1.0,4.19,0.89
1130614,1570,力肯,150.21,1.0,2.77,1.99
1130614,1580,新麥,12.83,9.0,5.64,3.11
1130614,1584,精剛,13.11,1.5,4.29,1.79
1130614,1586,和勤,91.62,0.13,0.42,1.69
1130614,1593,祺驊,40.91,1.6,3.76,1.34
1130614,1595,川寶,33.75,1.0,2.65,0.69
1130614,1599,宏佳騰,263.33,0.0,0.0,1.24
1130614,1742,台蠟,13.36,0.0,0.0,1.15
1130614,1777,生泰,14.67,3.5,3.9,1.78
1130614,1784,訊聯,56.22,1.41847555,1.62,3.56
1130614,1785,光洋科,23.0,1.2,2.3,2.32
1130614,1788,杏昌,17.18,7.0,5.05,2.0
1130614,1796,金穎生技,28.99,2.0,3.33,3.1
1130614,1813,寶利徠,36.61,0.5,2.44,1.2
1130614,2063,世鎧,10.69,4.5,8.59,2.48
1130614,2065,世豐,14.17,4.34545793,6.8,2.03
1130614,2066,世德,16.25,4.0,2.82,3.18
1130614,2070,精湛,13.71,1.5,3.87,1.6
1130614,2073,雄順,78.21,0.6,1.97,1.86
1130614,2221,大甲,19.9,1.3,4.19,1.33
1130614,2230,泰茂,42.42,1.0,0.58,8.79
1130614,2235,謚源,16.58,2.5,4.91,1.37
1130614,2596,綠意,47.89,1.0,2.52,1.95
1130614,2640,大車隊,16.62,6.0,5.06,4.24
1130614,2641,正德,13.27,0.48155935,2.16,1.01
1130614,2643,捷迅,13.68,5.0,5.79,1.55
1130614,2718,晶悅,16.58,3.0,3.01,3.51
1130614,2719,燦星旅,32.12,0.0,0.0,6.57
1130614,2726,雅茗-KY,132.17,0.0,0.0,2.42
1130614,2729,瓦城,22.02,11.0,4.72,3.13
1130614,2732,六角,18.42,6.49655101,5.88,2.78
1130614,2734,易飛網,70.82,0.0,0.0,5.05
1130614,2743,山富,11.77,3.0,1.95,5.1
1130614,2745,五福,12.67,3.5,2.75,5.61
1130614,2752,豆府,18.82,13.3,4.81,7.73
1130614,2754,亞洲藏壽司,21.7,1.5,1.47,2.74
1130614,2755,揚秦,21.22,3.6,3.7,3.72
1130614,2756,聯發國際,19.35,4.5,5.2,4.08
1130614,2916,滿心,12.09,4.0,6.92,3.17
1130614,2937,集雅社,13.28,2.0,5.81,1.53
1130614,2941,米斯特,25.16,3.5,3.94,4.07
1130614,2947,振宇五金,32.78,1.3,1.49,2.27
1130614,2948,寶陞,18.21,3.31428571,5.1,1.7
1130614,2949,欣新網,18.08,2.5,2.61,2.23
1130614,3064,泰偉,124.29,0.0,0.0,9.83
1130614,3067,全域,34.46,0.0,0.0,2.63
1130614,3071,協禧,35.18,1.03,2.64,2.8
1130614,3078,僑威,10.49,4.8,6.44,2.83
1130614,3083,網龍,87.76,0.0,0.0,3.24
1130614,3086,華義,68.2,1.50000004,0.96,10.78
1130614,3088,艾訊,13.64,4.3,4.28,2.58
1130614,3093,港建*,17.23,1.8,5.9,4.77
1130614,3095,及成,34.09,0.0,0.0,6.66
1130614,3105,穩懋,89.24,0.0,0.0,1.84
1130614,3114,好德,14.67,1.2,4.2,1.16
1130614,3118,進階,17.62,1.7,4.78,2.03
1130614,3128,昇銳,38.7,0.8,2.68,1.94
1130614,3131,弘塑,55.7,16.0,1.25,9.78
1130614,3141,晶宏,70.21,0.50705826,0.52,3.06
1130614,3147,大綜,14.89,5.0,3.89,4.32
1130614,3152,璟德,39.27,3.68,1.8,3.81
1130614,3162,精確,80.12,0.0,0.0,1.71
1130614,3163,波若威,17.43,3.6,3.26,3.57
1130614,3169,亞信,36.52,3.5,2.58,4.68
1130614,3171,新洲,16.71,2.0,6.61,2.08
1130614,3178,公準,29.13,2.25,2.03,3.87
1130614,3188,鑫龍騰,12.13,1.6,4.71,2.5
1130614,3206,志豐,9.84,2.5,5.01,1.91
1130614,3207,耀勝,165.76,0.9,0.59,6.47
1130614,3211,順達,15.92,5.52904,5.98,1.74
1130614,3213,茂訊,11.36,5.4,4.89,2.31
1130614,3217,優群,18.13,6.4,3.82,3.39
1130614,3218,大學光,19.56,7.0,2.8,7.41
1130614,3219,倚強科,133.02,0.3659499,0.64,3.21
1130614,3221,台嘉碩,101.21,0.7,2.39,1.39
1130614,3226,至寶電,7.73,0.5,0.88,2.21
1130614,3227,原相,22.67,4.58887776,2.74,2.53
1130614,3232,昱捷,61.0,0.5,1.82,1.81
1130614,3252,海灣,195.0,0.0,0.0,0.54
1130614,3260,威剛,13.74,3.0,2.64,2.11
1130614,3264,欣銓,13.68,3.3,4.42,1.94
1130614,3265,台星科,18.73,4.8,3.82,3.0
1130614,3268,海德威,57.75,0.0,0.0,1.86
1130614,3276,宇環,29.24,0.2,1.16,1.5
1130614,3284,太普高,32.98,0.6,1.53,3.2
1130614,3285,微端,26.64,1.0,3.32,2.08
1130614,3287,廣寰科,28.97,0.843929,1.77,3.52
1130614,3289,宜特,24.25,3.73024747,2.7,3.03
1130614,3290,東浦,22.16,1.0,3.37,1.81
1130614,3293,鈊象,23.58,45.0,3.83,18.04
1130614,3297,杭特,706.67,0.0,0.0,1.35
1130614,3303,岱稜,15.09,1.75,4.08,2.13
1130614,3306,鼎天,28.47,1.3,2.25,0.86
1130614,3310,佳穎,25.92,4.2,4.24,3.26
1130614,3313,斐成,13.89,0.0,0.0,2.11
1130614,3317,尼克森,18.9,1.80013374,3.19,1.39
1130614,3322,建舜電,49.27,0.25,1.06,1.79
1130614,3324,雙鴻,52.95,6.5,0.81,9.53
1130614,3325,旭品,282.73,0.0,0.0,2.73
1130614,3332,幸康,15.87,1.6,3.75,1.18
1130614,3339,泰谷,114.1,0.0,0.0,3.28
1130614,3357,臺慶科,25.41,4.5,3.23,2.13
1130614,3362,先進光,67.11,1.0,0.39,10.44
1130614,3374,精材,32.32,2.0,1.14,5.75
1130614,3388,崇越電,21.6,3.1,3.9,1.37
1130614,3390,旭軟,23.18,0.7,2.04,1.94
1130614,3402,漢科,16.56,4.5,4.43,4.03
1130614,3426,台興,16.4,2.0,4.73,1.57
1130614,3430,奇鈦科,13.54,2.0,3.47,1.93
1130614,3434,哲固,26.81,0.5,1.73,2.46
1130614,3438,類比科,67.31,0.5,0.69,1.98
1130614,3441,聯一光,49.39,0.5,1.37,1.88
1130614,3444,利機,48.5,2.5,2.2,4.99
1130614,3455,由田,17.76,5.0,5.0,2.5
1130614,3465,進泰電子,63.69,3.0,4.57,2.86
1130614,3479,安勤,17.1,6.0,5.04,2.94
1130614,3483,力致,21.93,5.0,2.56,4.19
1130614,3484,崧騰,18.91,1.2,2.09,1.52
1130614,3489,森寶,317.78,0.4,1.4,1.89
1130614,3490,單井,12.76,1.2,3.46,1.45
1130614,3491,昇達科,84.24,3.36102753,1.14,9.34
1130614,3492,長盛,20.15,0.33,1.64,1.22
1130614,3512,皇龍,8.62,3.6,8.35,2.03
1130614,3516,亞帝歐,75.15,0.2,0.81,0.97
1130614,3520,華盈,88.41,0.1,0.51,1.68
1130614,3526,凡甲,19.21,11.6,4.51,5.06
1130614,3527,聚積,1844.0,2.0,2.17,1.7
1130614,3529,力旺,126.88,17.5,0.65,58.41
1130614,3531,先益,9.81,1.7,5.16,1.08
1130614,3537,堡達,17.68,2.5,4.16,2.84
1130614,3540,曜越,49.28,0.9,1.88,1.8
1130614,3546,宇峻,18.13,4.5,5.03,2.8
1130614,3548,兆利,19.26,4.5,2.22,2.37
1130614,3551,世禾,18.79,2.8,2.68,1.62
1130614,3552,同致,23.9,3.0,2.75,2.17
1130614,3556,禾瑞亞,67.34,0.9,1.69,3.12
1130614,3558,神準,14.74,4.0,2.12,1.94
1130614,3564,其陽,365.0,0.35,0.32,5.2
1130614,3567,逸昌,13.41,2.7,6.6,2.15
1130614,3570,大塚,13.91,8.0,4.83,3.41
1130614,3577,泓格,58.84,1.0,1.98,2.52
1130614,3580,友威科,27.14,2.02,3.32,2.64
1130614,3581,博磊,100.0,0.5,1.67,1.8
1130614,3587,閎康,26.78,9.0,3.33,4.29
1130614,3594,磐儀,40.09,0.6,1.36,1.97
1130614,3597,映興,58.9,0.3,1.24,1.67
1130614,3611,鼎翰,12.13,13.0,5.73,1.96
1130614,3615,安可,33.29,0.7,2.77,0.77
1130614,3624,光頡,27.21,1.2,2.19,1.92
1130614,3628,盈正,24.84,2.0,4.24,1.31
1130614,3632,研勤,144.0,0.0,0.0,3.95
1130614,3646,艾恩特,22.13,1.5,4.98,2.07
1130614,3663,鑫科,76.4,0.58697327,1.35,2.64
1130614,3675,德微,49.09,5.0,1.43,10.49
1130614,3680,家登,52.42,7.50736239,1.73,5.05
1130614,3684,榮昌,40.67,0.8,1.65,2.34
1130614,3687,歐買尬,57.94,1.57424091,1.44,2.31
1130614,3689,湧德,15.7,2.47,3.49,1.65
1130614,3693,營邦,14.84,10.0,2.6,4.84
1130614,3709,鑫聯大投控,24.85,0.8,3.13,1.19
1130614,4102,永日,21.69,0.8,2.18,2.32
1130614,4105,東洋,16.22,3.5,4.58,3.46
1130614,4107,邦特,18.93,4.5,3.44,3.0
1130614,4109,加捷生醫,11.69,0.5,2.34,1.84
1130614,4111,濟生,22.38,1.0,3.49,1.31
1130614,4114,健喬,24.97,1.6,3.91,2.34
1130614,4116,明基醫,21.75,2.0,3.58,2.41
1130614,4120,友華,143.33,1.0,2.33,0.99
1130614,4126,太醫,16.04,4.8,5.24,2.26
1130614,4127,天良,99.39,0.5,1.23,3.72
1130614,4129,聯合,23.3,4.00407196,4.02,2.49
1130614,4130,健亞,82.17,0.45,1.83,1.81
1130614,4138,曜亞,17.26,7.75,7.28,2.59
1130614,4153,鈺緯,30.63,1.25,3.21,2.32
1130614,4157,太景*-KY,60.2,0.0,0.0,9.71
1130614,4160,訊聯基因,62.3,1.01193677,1.17,4.8
1130614,4161,聿新科,18.49,0.7,2.08,2.13
1130614,4162,智擎,50.42,1.5,1.57,3.47
1130614,4163,鐿鈦,20.02,3.5,2.86,2.36
1130614,4167,松瑞藥,73.18,0.0851,0.35,2.24
1130614,4173,久裕,19.95,0.91967604,4.27,0.84
1130614,4175,杏一,116.61,1.59869966,2.21,2.11
1130614,4183,福永生技,19.14,0.8,3.27,1.84
1130614,4198,欣大健康,9.64,0.0,0.0,3.36
1130614,4205,中華食,23.99,3.0,3.2,4.06
1130614,4207,環泰,14.92,1.0,5.68,1.37
1130614,4303,信立,5.59,1.36,3.04,1.99
1130614,4305,世坤,13.56,2.5,5.36,2.15
1130614,4401,東隆興,146.67,0.5,1.89,1.23
1130614,4413,飛寶企業,22.38,0.4,2.13,1.65
1130614,4416,三圓,232.62,2.0,2.05,3.35
1130614,4417,金洲,11.58,2.0,5.15,1.14
1130614,4420,光明,1.41,20.0,35.59,1.21
1130614,4432,銘旺實,11.26,0.69,2.97,0.87
1130614,4433,興采,500.83,1.0,3.33,0.97
1130614,4442,竣邦-KY,17.35,0.8,2.78,1.45
1130614,4502,健信,50.31,0.0,0.0,2.66
1130614,4506,崇友,21.12,4.0,3.72,3.47
1130614,4510,高鋒,15.83,0.7,4.29,0.98
1130614,4513,福裕,40.19,0.8,1.88,3.24
1130614,4527,方土霖,13.0,2.4,5.13,2.36
1130614,4528,江興鍛,46.9,0.6,2.03,1.12
1130614,4533,協易機,24.86,1.16479823,2.59,2.81
1130614,4535,至興,13.4,1.6,4.92,0.97
1130614,4538,大詠城,31.89,0.79816602,3.79,1.36
1130614,4542,科嶠,34.04,1.5,2.12,3.26
1130614,4543,萬在,23.8,1.5,2.4,2.06
1130614,4549,桓達,38.24,4.2,2.15,5.75
1130614,4550,長佳,11.08,2.1,5.34,1.55
1130614,4554,橙的,15.65,1.0,3.21,1.59
1130614,4556,旭然,245.71,0.35,1.02,1.73
1130614,4558,寶緯,49.22,0.0,0.0,1.78
1130614,4561,健椿,15.65,1.0,1.84,2.42
1130614,4563,百德,21.31,0.534,1.0,1.94
1130614,4568,科際精密,32.24,2.5,4.56,1.69
1130614,4580,捷流閥業,13.17,4.8,4.36,2.0
1130614,4584,君帆,17.24,2.0,3.11,1.86
1130614,4702,中美實,13.43,0.0,0.0,0.78
1130614,4706,大恭,48.85,0.2,0.67,1.59
1130614,4707,磐亞,14.6,0.9,6.23,0.93
1130614,4711,永純,340.0,0.5,2.94,0.98
1130614,4714,永捷,38.31,0.0,0.0,1.76
1130614,4716,大立,70.19,0.0,0.0,1.47
1130614,4721,美琪瑪,57.77,1.1,1.46,5.08
1130614,4728,雙美,25.67,11.0,3.46,10.76
1130614,4729,熒茂,158.18,0.5,2.87,1.2
1130614,4735,豪展,104.41,1.0,2.82,1.47
1130614,4741,泓瀚,18.37,1.8,4.62,1.43
1130614,4744,皇將,18.59,0.1,0.41,1.16
1130614,4745,合富-KY,54.43,0.4,1.67,0.66
1130614,4747,強生,41.95,1.49839697,2.05,1.92
1130614,4754,國碳科,16.7,1.8,4.07,2.63
1130614,4760,勤凱,32.9,2.7,1.95,5.41
1130614,4767,誠泰科技,9.24,1.5,4.83,1.1
1130614,4768,晶呈科技,93.5,4.0,1.68,5.94
1130614,4903,聯光通,165.67,0.0,0.0,2.69
1130614,4905,台聯電,20.02,1.5,1.45,1.08
1130614,4907,富宇,26.09,1.3,1.79,4.27
1130614,4908,前鼎,36.49,2.4,2.22,4.89
1130614,4909,新復興,40.36,0.5,0.56,3.27
1130614,4911,德英,42.54,1.1706856,1.99,4.17
1130614,4923,力士,77.97,2.0,4.35,2.03
1130614,4931,新盛力,24.75,0.8,2.69,1.76
1130614,4933,友輝,10.36,3.0,4.79,1.55
1130614,4939,亞電,47.78,0.5,2.33,1.33
1130614,4945,陞達科技,31.42,2.0,2.01,4.71
1130614,4951,精拓科,25.63,2.5,2.75,3.58
1130614,4953,緯軟,16.36,5.0,3.72,2.6
1130614,4966,譜瑞-KY,31.53,12.65981221,1.45,3.25
1130614,4972,湯石照明,53.56,0.7,2.51,1.01
1130614,4973,廣穎,11.62,2.0,4.23,1.31
1130614,4974,亞泰,12.21,4.2,5.71,1.82
1130614,4979,華星光,39.69,1.43000433,1.0,6.99
1130614,4987,科誠,14.32,3.5,5.56,1.96
1130614,4995,晶達,14.29,3.19969628,5.75,2.75
1130614,5009,榮剛,13.15,2.5,4.86,1.8
1130614,5011,久陽,25.11,1.0,4.28,1.07
1130614,5013,強新,17.41,0.9,2.6,1.25
1130614,5014,建錩,22.53,1.0,6.08,0.94
1130614,5015,華祺,26.12,3.0,6.45,2.01
1130614,5016,松和,24.78,0.7,2.48,0.96
1130614,5201,凱衛,18.26,1.5,5.41,2.19
1130614,5202,力新,9.3,0.7,3.64,1.47
1130614,5206,坤悅,52.99,1.3,3.19,2.12
1130614,5209,新鼎,14.78,10.51163408,5.31,7.83
1130614,5212,凌網,15.53,3.0,4.88,4.88
1130614,5213,亞昕,17.35,2.22385532,5.28,2.18
1130614,5220,萬達光電,31.09,0.9,3.33,1.31
1130614,5230,雷笛克光學,85.11,0.6,1.57,1.52
1130614,5236,凌陽創新,21.52,7.0,3.97,4.63
1130614,5274,信驊,147.94,20.0,0.42,51.56
1130614,5278,尚凡,25.24,12.77456623,4.8,12.17
1130614,5287,數字,15.7,10.73850488,5.34,5.73
1130614,5289,宜鼎,23.66,10.4,3.38,3.68
1130614,5291,邑昇,160.28,0.8,2.77,1.23
1130614,5299,杰力,18.54,4.11,3.61,1.91
1130614,5309,系統電,26.59,0.69998896,2.04,2.09
1130614,5310,天剛,130.34,0.0,0.0,5.25
1130614,5312,寶島科,14.2,6.0,5.74,1.96
1130614,5314,世紀,27.37,1.8,0.84,11.07
1130614,5315,光聯,26.62,0.8,4.23,1.34
1130614,5321,美而快,2336.67,1.0,1.43,4.7
1130614,5328,華容,34.29,0.35,2.43,1.38
1130614,5340,建榮,205.71,0.0,0.0,5.68
1130614,5344,立衛,47.61,0.0,0.0,3.25
1130614,5347,世界,24.77,4.5,4.09,3.79
1130614,5348,正能量智能,1275.0,0.0,0.0,2.56
1130614,5353,台林,17.77,1.42,3.96,2.14
1130614,5356,協益,6.75,2.3,5.84,0.9
1130614,5371,中光電,28.14,3.0,3.25,1.54
1130614,5381,合正,116.67,0.0,0.0,5.89
1130614,5386,青雲,24.57,1.3,1.82,3.84
1130614,5392,能率,66.2,0.3,0.84,1.06
1130614,5403,中菲,15.64,6.00078664,4.8,4.5
1130614,5410,國眾,18.36,2.1,5.22,2.43
1130614,5425,台半,34.44,2.0,2.58,2.44
1130614,5426,振發,308.18,0.0,0.0,2.31
1130614,5432,新門,150.66,1.0,0.44,12.76
1130614,5438,東友,46.58,0.5,2.82,0.75
1130614,5439,高技,18.08,4.1,4.59,3.19
1130614,5443,均豪,45.0,1.2,2.08,2.16
1130614,5450,南良,51.0,0.25,1.23,1.45
1130614,5452,佶優,66.67,0.15,0.63,1.74
1130614,5455,昇益,10.85,0.0,0.0,4.07
1130614,5457,宣德,34.97,0.32,0.55,2.29
1130614,5464,霖宏,15.72,0.8,2.3,1.7
1130614,5465,富驊,20.48,1.5,3.9,2.33
1130614,5474,聰泰,27.73,3.5,2.33,3.47
1130614,5478,智冠,25.69,9.0,6.41,2.33
1130614,5483,中美晶,13.31,8.8,4.18,3.4
1130614,5488,松普,31.22,0.0,0.0,1.26
1130614,5489,彩富,64.38,1.0,2.43,1.84
1130614,5493,三聯,17.31,3.1,3.01,2.62
1130614,5508,永信建,12.79,11.2912,5.43,7.87
1130614,5511,德昌,8.68,5.0,7.1,1.34
1130614,5512,力麒,27.11,0.54,4.43,0.65
1130614,5514,三豐,142.33,0.5,2.34,1.53
1130614,5520,力泰,10.36,4.6,5.5,2.24
1130614,5523,豐謙,9.33,1.5,5.01,1.53
1130614,5530,龍巖,14.16,0.0,0.0,0.81
1130614,5536,聖暉*,15.96,10.5,4.49,3.33
1130614,5548,安倉,16.7,1.65416667,4.48,2.21
1130614,5601,台聯櫃,76.56,0.385,1.05,1.71
1130614,5603,陸海,12.95,1.2,4.75,1.41
1130614,5604,中連,50.3,2.0,4.73,2.28
1130614,5609,中菲行,13.06,6.0,6.69,2.32
1130614,5703,亞都,37.46,0.0,0.0,3.19
1130614,5704,老爺知,15.52,1.5,3.22,2.95
1130614,5864,致和證,8.96,1.5,6.56,1.19
1130614,5878,台名,21.8,2.5,5.29,2.35
1130614,5902,德記,19.24,1.5,4.21,2.74
1130614,5903,全家,25.47,5.8,3.04,6.59
1130614,5904,寶雅,20.94,21.1,4.06,11.11
1130614,6015,宏遠證,12.55,0.25,1.95,0.92
1130614,6016,康和證,8.09,1.15,6.97,1.02
1130614,6020,大展證,15.32,0.89916258,4.73,1.1
1130614,6021,美好證,18.98,0.6,2.68,0.97
1130614,6023,元大期,13.19,5.0,5.45,1.75
1130614,6026,福邦證,9.41,1.28,8.39,1.12
1130614,6101,寬魚國際,104.0,0.168,0.36,4.66
1130614,6103,合邦,3895.0,0.0,0.0,4.32
1130614,6104,創惟,58.76,1.8,1.73,5.56
1130614,6109,亞元,136.5,0.3,2.2,1.22
1130614,6113,亞矽,115.56,1.0,3.21,2.58
1130614,6114,久威,72.27,0.0,0.0,1.07
1130614,6118,建達,79.35,0.0,0.0,2.09
1130614,6121,新普,14.11,21.7,5.19,2.32
1130614,6122,擎邦,10.46,3.7,6.51,2.91
1130614,6123,上奇,18.39,4.0,5.74,3.33
1130614,6125,廣運,37.67,1.7,1.52,7.67
1130614,6126,信音,24.53,1.1,3.25,1.18
1130614,6127,九豪,33.91,0.4,1.51,2.38
1130614,6138,茂達,26.45,6.0,2.8,5.35
1130614,6140,訊達,48.31,0.75,2.19,2.76
1130614,6143,振曜,25.65,4.0,2.88,4.52
1130614,6146,耕興,16.27,10.5,4.71,3.96
1130614,6147,頎邦,11.18,3.75,5.48,1.05
1130614,6148,驊宏資,16.3,1.2,4.16,2.46
1130614,6151,晉倫,21.15,1.5,5.42,1.62
1130614,6154,順發,21.25,0.72,4.24,1.05
1130614,6156,松上,13.58,0.8,3.22,1.2
1130614,6158,禾昌,19.81,1.0,3.28,1.43
1130614,6161,捷波,23.05,2.0,3.15,3.13
1130614,6163,華電網,2430.0,0.3,1.23,1.47
1130614,6167,久正,14.2,0.5,3.12,1.44
1130614,6170,統振,20.41,2.73,4.58,3.39
1130614,6171,大城地產,17.87,1.5,3.44,2.39
1130614,6173,信昌電,19.13,1.2,2.41,1.2
1130614,6174,安碁,52.93,0.14,0.65,1.57
1130614,6175,立敦,17.97,1.1,2.62,1.82
1130614,6179,亞通,65.21,0.8,2.61,1.46
1130614,6180,橘子,23.44,3.28,3.82,2.59
1130614,6182,合晶,68.91,0.65,1.72,1.43
1130614,6185,幃翔,30.0,0.52,3.15,1.12
1130614,6186,新潤,28.53,3.50003678,3.4,4.64
1130614,6187,萬潤,77.68,1.6,0.6,6.63
1130614,6188,廣明,26.23,3.2,3.0,3.38
1130614,6190,萬泰科,27.52,1.2,2.85,2.4
1130614,6194,育富,11.77,1.8,4.66,0.97
1130614,6195,詩肯,20.36,2.0,4.7,1.68
1130614,6198,瑞築,111.96,0.0,0.0,2.5
1130614,6199,天品,88.18,0.0,0.0,2.38
1130614,6203,海韻電,10.88,5.0,5.94,2.15
1130614,6204,艾華,7.07,17.43,13.51,9.61
1130614,6207,雷科,32.03,1.5,2.11,3.01
1130614,6208,日揚,19.01,0.0,0.0,2.17
1130614,6212,理銘,10.03,3.5,4.52,2.16
1130614,6219,富旺,23.69,0.0,0.0,3.34
1130614,6221,晉泰,27.69,2.5,2.94,3.53
1130614,6223,旺矽,35.49,7.5,1.4,6.17
1130614,6227,茂綸,16.87,2.5,3.29,2.53
1130614,6229,研通,82.4,0.5,1.21,2.23
1130614,6231,系微,71.43,4.5,1.06,17.99
1130614,6233,旺玖,542.86,0.20987168,0.55,2.41
1130614,6234,高僑,17.65,0.65,2.27,1.02
1130614,6242,立康,17.1,2.5,4.87,1.88
1130614,6244,茂迪,57.4,0.32,1.16,2.4
1130614,6245,立端,15.07,4.25,4.36,2.39
1130614,6248,沛波,8.1,2.0,6.62,1.53
1130614,6259,百徽,19.12,1.22,5.36,1.49
1130614,6261,久元,17.29,4.0,5.46,1.5
1130614,6263,普萊德,20.75,7.4,4.37,5.97
1130614,6266,泰詠,17.28,1.96,5.45,2.27
1130614,6270,倍微,106.0,1.0,3.14,1.02
1130614,6274,台燿,31.74,4.00752,2.32,4.18
1130614,6275,元山,14.73,2.97434398,4.88,3.28
1130614,6276,安鈦克,52.12,2.26829378,3.85,5.23
1130614,6279,胡連,16.3,5.25,3.12,2.58
1130614,6284,佳邦,14.67,2.0,2.27,1.82
1130614,6290,良維,16.77,3.0,3.41,2.26
1130614,6291,沛亨,15.66,8.0,4.95,4.47
1130614,6292,迅德,11.16,4.2,5.21,2.75
1130614,6294,智基,12.23,8.0,7.96,4.48
1130614,6411,晶焱,24.4,2.465,2.44,2.23
1130614,6417,韋僑,29.82,2.0,1.77,3.1
1130614,6418,詠昇,14.08,1.1,4.62,1.58
1130614,6419,京晨科,28.19,3.8,2.49,6.06
1130614,6425,易發,327.27,0.5,0.69,3.56
1130614,6432,今展科,23.02,1.31,3.7,1.35
1130614,6435,大中,21.85,2.8,2.6,2.46
1130614,6469,大樹,45.27,5.3,1.94,10.06
1130614,6470,宇智,13.59,2.8,4.93,2.09
1130614,6482,弘煜科,29.23,1.5,2.82,3.47
1130614,6485,點序,216.39,1.2,1.54,1.85
1130614,6486,互動,14.96,6.0,6.22,2.83
1130614,6488,環球晶,12.72,19.0,3.56,3.26
1130614,6494,九齊,21.88,1.62,2.25,2.09
1130614,6506,雙邦,82.95,0.4,2.19,1.23
1130614,6508,惠光,28.84,1.0,3.1,1.17
1130614,6509,聚和,16.51,1.25,3.0,1.95
1130614,6510,精測,197.88,0.5,0.11,2.03
1130614,6514,芮特-KY,18.12,2.8,5.27,2.6
1130614,6516,勤崴國際,66.75,1.96,2.51,3.79
1130614,6517,保勝光學,19.06,1.5,2.05,3.79
1130614,6523,達爾膚,16.64,10.0,5.59,5.21
1130614,6527,明達醫,20.14,2.07,2.43,2.42
1130614,6530,創威,33.46,1.2,2.51,3.44
1130614,6532,瑞耘,18.02,2.4,3.62,2.56
1130614,6538,倉和,16.98,7.0055079,3.82,3.82
1130614,6542,隆中,22.4,1.0,1.6,3.22
1130614,6546,正基,36.67,3.5,2.12,6.12
1130614,6548,長科*,24.06,1.607693,3.91,3.71
1130614,6556,勝品,15.7,3.0,2.63,2.43
1130614,6561,是方,29.52,10.6,2.98,9.15
1130614,6568,宏觀,95.03,1.81728749,1.27,3.05
1130614,6569,醫揚,27.01,6.5,3.23,4.3
1130614,6570,維田,19.89,2.6,4.88,2.5
1130614,6574,霈方,27.09,3.5,7.02,1.92
1130614,6577,勁豐,18.51,6.7,4.65,4.3
1130614,6584,南俊國際,218.54,1.0,0.51,6.52
1130614,6590,普鴻,13.34,5.0,6.29,3.04
1130614,6593,台灣銘板,63.25,1.0,0.95,3.67
1130614,6596,寬宏藝術,10.44,5.3,7.43,3.2
1130614,6603,富強鑫,140.0,0.15,0.89,1.18
1130614,6609,瀧澤科,27.48,0.9,2.03,1.34
1130614,6612,奈米醫材,56.2,1.2,0.88,3.28
1130614,6613,朋億*,12.0,10.39059572,5.4,3.78
1130614,6615,慧智,65.05,0.2,0.33,2.07
1130614,6616,特昇-KY,79.74,0.0,0.0,1.17
1130614,6624,萬年清,36.89,1.0,2.44,2.02
1130614,6629,泰金-KY,13.9,3.5,3.29,3.42
1130614,6640,均華,59.55,5.0,1.05,9.76
1130614,6642,富致,30.81,1.5,2.18,2.63
1130614,6643,M31,104.79,10.00143526,0.82,23.32
1130614,6651,全宇昕,12.64,4.0,5.19,2.48
1130614,6662,樂斯科,20.19,1.65,4.51,2.04
1130614,6664,群翊,16.2,8.0,3.39,4.89
1130614,6667,信紘科,23.86,6.46,3.53,6.25
1130614,6679,鈺太,49.59,5.5,1.29,4.43
1130614,6680,鑫創電子,26.35,2.3,2.68,4.03
1130614,6683,雍智科技,27.11,6.55,1.74,4.37
1130614,6690,安碁資訊,19.69,5.20117566,2.97,3.17
1130614,6693,廣閎科,63.75,1.0,1.31,3.06
1130614,6697,東捷資訊,18.57,2.2,4.5,2.46
1130614,6703,軒郁,19.0,13.01479042,4.49,7.54
1130614,6712,長聖,31.66,7.0,3.64,7.57
1130614,6716,應廣,33.33,2.0,1.71,5.04
1130614,6721,信實,15.34,2.6,5.0,1.95
1130614,6727,亞泰金屬,12.59,2.0,3.14,1.38
1130614,6728,上洋,13.81,6.5,4.87,3.41
1130614,6732,昇佳電子,23.21,12.5,3.36,4.42
1130614,6735,美達科技,64.81,0.8,0.91,3.78
1130614,6741,91APP*-KY,26.49,0.95,0.98,4.02
1130614,6747,亨泰光,21.46,6.61912438,3.83,3.29
1130614,6751,智聯服務,37.94,2.0,2.72,1.83
1130614,6752,叡揚,19.65,3.8,3.36,3.65
1130614,6761,穩得,28.22,4.0,3.65,2.51
1130614,6762,達亞,162.98,2.0,0.68,6.21
1130614,6763,綠界科技,20.96,18.20000006,4.08,3.07
1130614,6785,昱展新藥,40.34,1.5,0.6,6.42
1130614,6788,華景電,22.5,6.0,3.51,4.06
1130614,6791,虎門科技,19.83,3.46940068,4.17,4.18
1130614,6803,崑鼎,18.91,14.59,4.69,3.96
1130614,6804,明係,20.83,2.6,5.45,1.28
1130614,6811,宏碁資訊,21.78,8.5,3.08,5.43
1130614,6821,聯寶,28.09,1.55969846,4.08,1.94
1130614,6829,千附精密,28.21,3.0,2.73,3.41
1130614,6843,進典,17.03,2.5,4.45,2.22
1130614,6844,諾貝兒,40.28,6.0,3.49,1.97
1130614,6846,綠茵,14.49,3.49594809,4.57,2.76
1130614,6855,數泓科,17.54,4.5,3.14,3.82
1130614,6856,鑫傳,18.06,3.81508603,5.85,2.29
1130614,6859,伯特光,44.21,2.0,1.59,2.83
1130614,6865,偉康科技,30.63,1.6,2.97,2.24
1130614,6870,騰雲,41.62,3.8,2.35,3.68
1130614,6874,倍力,26.04,3.8,3.58,4.51
1130614,6875,國邑*,465.33,0.0,0.0,4.39
1130614,6881,潤德,17.91,10.0,4.39,5.83
1130614,6894,衛司特,29.93,6.5,2.88,4.08
1130614,6895,宏碩系統,64.41,2.2,1.54,5.16
1130614,6899,創為精密,15.39,3.5,5.6,1.58
1130614,6903,巨漢,13.94,10.2,5.54,4.7
1130614,6904,伯鑫,15.66,4.1,2.59,2.86
1130614,6922,宸曜,32.65,3.57,2.14,5.16
1130614,6929,佑全,503.57,0.271,0.38,2.67
1130614,6953,家碩,31.87,4.5,1.69,10.95
1130614,7402,邑錡,61.38,1.5,1.46,5.15
1130614,7556,意德士,29.5,3.0,2.23,3.59
1130614,8032,光菱,24.26,0.8,2.73,0.83
1130614,8034,榮群,15.42,1.2,5.05,1.95
1130614,8042,金山電,58.63,1.2,3.3,1.19
1130614,8043,蜜望實,39.52,0.2,0.82,0.76
1130614,8048,德勝,13.94,3.3,5.04,2.92
1130614,8049,晶采,12.64,2.7,6.87,2.03
1130614,8050,廣積,25.68,4.18,5.02,2.05
1130614,8064,東捷,58.79,0.7,1.92,2.0
1130614,8066,來思達,31.01,1.0,3.26,1.53
1130614,8068,全達,44.63,0.0,0.0,3.08
1130614,8069,元太,38.7,4.5,1.8,5.99
1130614,8074,鉅橡,22.29,1.0,4.77,1.17
1130614,8076,伍豐,161.05,0.8,2.61,2.02
1130614,8077,洛碁,13.6,0.0,0.0,4.07
1130614,8083,瑞穎,20.03,7.0,3.97,5.04
1130614,8084,巨虹,48.54,0.0,0.0,13.35
1130614,8086,宏捷科,51.79,1.0,0.77,3.32
1130614,8087,華鎂鑫,15.0,0.49256808,0.92,2.49
1130614,8088,品安,19.16,2.6,6.0,2.23
1130614,8091,翔名,20.62,6.0,4.29,2.29
1130614,8099,大世科,40.98,1.85,1.93,5.6
1130614,8109,博大,11.59,6.0,6.37,2.88
1130614,8111,立碁,27.44,0.8,3.47,1.9
1130614,8147,正淩,44.44,2.5,1.95,4.14
1130614,8155,博智,41.17,3.6,2.38,3.56
1130614,8176,智捷,55.58,0.0,0.0,2.0
1130614,8182,加高,18.21,1.2,3.23,1.12
1130614,8183,精星,10.89,1.8,4.12,1.55
1130614,8227,巨有科技,66.04,2.3,0.93,11.33
1130614,8234,新漢,259.52,1.2,2.2,2.39
1130614,8240,華宏,15.81,1.5,4.05,0.85
1130614,8255,朋程,25.03,5.0,2.43,2.57
1130614,8279,生展,16.06,5.0,3.23,2.04
1130614,8284,三竹,14.12,3.5,5.3,2.36
1130614,8289,泰藝,41.18,1.0,3.19,1.31
1130614,8299,群聯,22.24,13.26484464,2.11,2.77
1130614,8342,益張,13.47,3.8,4.7,2.79
1130614,8349,恒耀,16.1,2.4981123,3.7,1.94
1130614,8354,冠好,9.64,0.3,1.89,0.6
1130614,8358,金居,31.12,1.5,2.15,2.84
1130614,8383,千附,20.14,1.5,3.56,1.35
1130614,8390,金益鼎,11.09,2.2,3.67,1.87
1130614,8401,白紗科,12.47,1.8,6.36,1.72
1130614,8403,盛弘,36.07,0.80000001,2.49,1.14
1130614,8410,森田,12.93,2.5,3.02,1.74
1130614,8415,大國鋼,12.41,1.5,4.23,1.42
1130614,8416,實威,17.36,8.0,4.46,3.4
1130614,8423,保綠-KY,27.1,0.9,4.1,1.44
1130614,8424,惠普,16.64,4.0,5.68,2.24
1130614,8426,紅木-KY,8.79,2.5,4.66,2.36
1130614,8431,匯鑽科,133.1,0.3,0.54,2.75
1130614,8432,東生華,26.46,1.28,2.02,1.91
1130614,8433,弘帆,8.58,5.94098715,6.48,2.02
1130614,8435,鉅邁,16.05,4.0,5.65,3.24
1130614,8436,大江,21.39,7.0,4.5,2.13
1130614,8440,綠電,51.15,1.667,4.18,2.45
1130614,8446,華研,11.1,6.0,5.66,3.4
1130614,8905,裕國,16.15,1.8,5.83,1.23
1130614,8908,欣雄,29.89,1.6,2.93,4.1
1130614,8916,光隆,14.48,3.6,5.92,1.73
1130614,8917,欣泰,25.9,2.2,3.63,3.51
1130614,8923,時報,17.48,0.8,3.98,1.33
1130614,8924,大田,19.07,4.3,4.66,2.06
1130614,8927,北基,180.0,2.0,3.27,3.72
1130614,8929,富堡,112.95,0.0,0.0,1.51
1130614,8930,青鋼,10.86,2.5,6.81,2.2
1130614,8931,大汽電,26.24,2.1,4.13,2.81
1130614,8932,智通,81.59,0.145,0.1,10.09
1130614,8936,國統,27.4,1.5,1.89,3.4
1130614,8937,合騏,44.04,0.0,0.0,2.23
1130614,8938,明安,50.73,1.6,1.91,1.78
1130614,8941,關中,10.32,5.5,7.12,2.55
1130614,8942,森鉅,8.25,5.0,6.87,1.44
1130614,9950,萬國通,2.59,0.0,0.0,1.97
1130614,9951,皇田,12.62,3.4,4.77,1.52
1130614,9960,邁達康,11.1,1.7,6.25,1.36
1130614,9962,有益,19.36,1.1,6.61,1.42
