"stoc","date","max","min","ope","clo","vol"
50,2026-01-12,70.55,70.05,70.5,70.35,79956
51,2026-01-12,97.3,95.8,95.8,97.1,72
52,2026-01-12,41.08,40.83,41.05,40.9,37039
53,2026-01-12,152.25,150.8,151.55,150.8,32
55,2026-01-12,32.05,31.84,32.05,31.91,200
56,2026-01-12,37.75,37.62,37.65,37.67,45209
57,2026-01-12,204.75,204.7,204.75,204.75,3
61,2026-01-12,24.06,23.82,23.85,24.02,359
1101,2026-01-12,25.1,23.8,23.85,24.95,97582
1102,2026-01-12,37.6,37,37.1,37.5,6264
1103,2026-01-12,14.1,13.95,14,14.05,495
1104,2026-01-12,30.4,29.9,29.9,30.15,669
1108,2026-01-12,14.95,14.9,14.9,14.9,144
1109,2026-01-12,15.45,15.35,15.4,15.4,194
1110,2026-01-12,16.55,16.25,16.45,16.5,408
1201,2026-01-12,14.45,14.3,14.45,14.4,293
1203,2026-01-12,39.9,39.35,39.65,39.35,60
1210,2026-01-12,51.8,51.4,51.5,51.6,981
1213,2026-01-12,9.91,9.9,9.91,9.91,4
1215,2026-01-12,141,139,139.5,141,1041
1216,2026-01-12,76.1,75.3,75.6,75.6,9179
1217,2026-01-12,10.55,10.4,10.5,10.45,581
1218,2026-01-12,18.35,18.2,18.25,18.35,431
1219,2026-01-12,13.55,13.35,13.4,13.45,285
1220,2026-01-12,12.55,12.4,12.55,12.55,139
1225,2026-01-12,28.35,27.85,28.1,28.25,103
1227,2026-01-12,29.7,29.45,29.7,29.6,863
1229,2026-01-12,46.8,46.25,46.8,46.25,1845
1231,2026-01-12,95.5,94.2,95.5,94.3,272
1232,2026-01-12,145,144,144.5,144.5,47
1233,2026-01-12,32.2,32.1,32.15,32.2,17
1234,2026-01-12,37.4,37.15,37.4,37.15,155
1235,2026-01-12,45.05,44.9,45,45,18
1236,2026-01-12,25.5,25.25,25.35,25.5,69
1240,2026-01-12,60,59.7,60,60,25
1256,2026-01-12,162,157.5,159.5,158.5,96
1259,2026-01-12,63.3,61,61,63.3,11
1264,2026-01-12,280,279.5,280,279.5,18
1268,2026-01-12,161,158,158.5,161,73
1294,2026-01-12,77.1,75.1,77.1,75.8,86
1295,2026-01-12,90,85.6,86,87.6,236
1301,2026-01-12,42.45,40.95,41.85,41.5,26728
1303,2026-01-12,65.4,61.9,63.1,64.7,88159
1304,2026-01-12,11.6,11.15,11.25,11.35,5288
1305,2026-01-12,11.85,11.2,11.3,11.6,3234
1307,2026-01-12,31.75,31,31.75,31.35,1204
1308,2026-01-12,13.5,13.05,13.15,13.35,1771
1309,2026-01-12,12.05,11.45,11.45,11.7,2211
1310,2026-01-12,9,8.67,8.7,8.75,3009
1312,2026-01-12,13.6,12.5,12.6,12.85,39447
1313,2026-01-12,10.65,10.2,10.3,10.35,5048
1314,2026-01-12,8.11,7.92,7.93,8.11,20899
1315,2026-01-12,64,63.7,64,63.9,29
1316,2026-01-12,14.7,14.3,14.7,14.6,2910
1319,2026-01-12,95.1,93.7,95.1,93.8,1637
1321,2026-01-12,34.85,34.5,34.85,34.65,205
1323,2026-01-12,19.45,18.5,19.4,18.95,239
1324,2026-01-12,11.2,11.15,11.2,11.2,50
1325,2026-01-12,31.75,31.15,31.3,31.2,858
1326,2026-01-12,32.5,31.95,32.1,32.45,12031
1336,2026-01-12,16,15.65,16,15.7,452
1337,2026-01-12,4.91,4.83,4.86,4.84,312
1338,2026-01-12,20.25,20,20.05,20.05,103
1339,2026-01-12,42.3,41.65,42.05,41.85,41
1340,2026-01-12,6.9,6.67,6.9,6.68,560
1341,2026-01-12,58.7,58.3,58.7,58.4,4
1342,2026-01-12,95.4,93,93,95.1,393
1402,2026-01-12,28.5,28.25,28.35,28.4,5438
1409,2026-01-12,15,14.7,14.85,14.9,3850
1410,2026-01-12,34.7,33.9,34.2,33.9,31
1413,2026-01-12,9.94,9.65,9.65,9.94,111
1414,2026-01-12,18.8,17.85,17.9,18.2,192
1416,2026-01-12,11.85,11.7,11.7,11.85,204
1417,2026-01-12,8.84,8.68,8.84,8.81,301
1418,2026-01-12,20.2,19.8,19.8,20.05,25
1419,2026-01-12,73.4,71.4,71.4,73.3,302
1423,2026-01-12,38.6,37.9,38,38.4,31
1432,2026-01-12,18.1,17.8,18,18,243
1434,2026-01-12,16.3,16,16,16.25,3220
1435,2026-01-12,21.35,21.35,21.35,21.35,3
1436,2026-01-12,62.1,60.9,62,61.8,202
1437,2026-01-12,33.2,32.8,33.2,32.85,95
1438,2026-01-12,33.5,32.9,33.35,33.25,138
1439,2026-01-12,30.2,29.65,29.65,30.2,120
1440,2026-01-12,13.4,13.25,13.4,13.35,936
1441,2026-01-12,10.35,10.25,10.3,10.35,8
1442,2026-01-12,30.65,29.85,30.2,30.6,960
1443,2026-01-12,27,26.8,26.9,26.85,19
1444,2026-01-12,6.2,6.08,6.2,6.09,1204
1445,2026-01-12,12.6,12.4,12.45,12.45,57
1446,2026-01-12,18.3,18.05,18.15,18.1,273
1447,2026-01-12,5.28,5.16,5.27,5.16,1207
1449,2026-01-12,12.4,12.1,12.4,12.4,3359
1451,2026-01-12,17.35,17.15,17.25,17.25,280
1452,2026-01-12,11.8,11.75,11.75,11.75,70
1453,2026-01-12,12.3,12.15,12.15,12.2,45
1454,2026-01-12,13,12.85,12.9,13,13
1455,2026-01-12,7.77,7.68,7.77,7.69,377
1456,2026-01-12,13.45,12.95,13.45,13.45,46
1457,2026-01-12,15.55,15.45,15.5,15.5,113
1459,2026-01-12,11.85,11.75,11.8,11.75,65
1460,2026-01-12,6.41,6.33,6.4,6.41,821
1463,2026-01-12,17.6,17.3,17.6,17.35,121
1464,2026-01-12,11.4,11.15,11.15,11.3,426
1465,2026-01-12,12.55,12.5,12.5,12.55,42
1466,2026-01-12,14.2,13.85,14.15,14.05,92
1467,2026-01-12,8.2,7.82,8.2,8.05,671
1468,2026-01-12,11.9,11.6,11.65,11.85,38
1470,2026-01-12,23.65,23.15,23.65,23.15,2
1471,2026-01-12,9.91,9.55,9.7,9.77,658
1472,2026-01-12,90.2,88.1,90.2,88.1,19
1473,2026-01-12,24.15,23.65,24.15,23.9,176
1474,2026-01-12,10.35,10.2,10.35,10.3,471
1475,2026-01-12,32.1,31.4,31.85,31.65,45
1476,2026-01-12,411,401.5,411,403,844
1477,2026-01-12,317.5,309.5,317,313.5,1264
1503,2026-01-12,177,172,175,175.5,2121
1504,2026-01-12,84.5,83.3,84,83.6,9461
1506,2026-01-12,12,11.7,12,11.95,119
1512,2026-01-12,7.37,7.23,7.37,7.3,59
1513,2026-01-12,148,145,147.5,146,3281
1514,2026-01-12,99.6,97.1,98.6,99,2884
1515,2026-01-12,27.2,26.8,26.8,27,316
1516,2026-01-12,21.5,21.2,21.25,21.25,18
1517,2026-01-12,11.05,10.75,10.85,10.9,170
1519,2026-01-12,829,791,794,817,8147
1521,2026-01-12,24,23.8,23.8,23.95,12
1522,2026-01-12,47.5,46.5,46.6,46.8,1514
1524,2026-01-12,30.1,29.65,30,29.7,1053
1525,2026-01-12,64.2,63.2,63.2,63.7,11
1526,2026-01-12,16.9,16.65,16.7,16.7,52
1527,2026-01-12,33.1,32.7,32.8,32.95,128
1528,2026-01-12,22.95,22.05,22.5,22.45,4248
1529,2026-01-12,20.6,20,20.3,20.55,2772
1530,2026-01-12,27.9,27.05,27.5,27.1,54
1531,2026-01-12,11.95,11.8,11.9,11.8,73
1532,2026-01-12,25.7,25.2,25.6,25.3,1010
1533,2026-01-12,32.25,31.6,31.8,32,78
1535,2026-01-12,53.8,53,53.1,53.1,51
1536,2026-01-12,54.7,54.1,54.3,54.2,1340
1537,2026-01-12,124,122,123.5,122,131
1539,2026-01-12,17.15,17,17.15,17.05,37
1540,2026-01-12,23.1,22.8,23.1,22.9,273
1541,2026-01-12,23,22.65,23,22.7,54
1558,2026-01-12,104.5,102,102,103,122
1560,2026-01-12,422,411,419.5,416.5,1756
1563,2026-01-12,47.7,46.1,47.7,46.35,754
1565,2026-01-12,116.5,114.5,114.5,116.5,149
1568,2026-01-12,23.8,23.2,23.5,23.2,308
1569,2026-01-12,51.5,49.7,51.1,50.1,1257
1570,2026-01-12,30.25,29.65,29.65,30.2,145
1580,2026-01-12,133,131.5,133,133,62
1582,2026-01-12,63.6,62.6,63.6,63.3,543
1583,2026-01-12,46.45,44.8,44.85,45.05,21
1584,2026-01-12,24,23,23.2,23.65,1422
1586,2026-01-12,29.85,28.1,29.85,28.35,1888
1587,2026-01-12,53.9,51.3,53.8,51.8,2001
1589,2026-01-12,16.75,16.35,16.45,16.75,917
1590,2026-01-12,1010,961,1005,970,676
1591,2026-01-12,51.1,49.9,50.8,50.8,115
1593,2026-01-12,31.7,30.45,31.7,30.5,77
1595,2026-01-12,40,39.25,39.9,39.7,161
1597,2026-01-12,75,73.2,73.2,74.4,271
1598,2026-01-12,19.85,19.6,19.85,19.8,232
1599,2026-01-12,28.85,28.15,28.25,28.15,23
1603,2026-01-12,39.3,38.6,38.6,39,1084
1604,2026-01-12,24,23.9,24,23.95,215
1605,2026-01-12,40.45,38.5,39.35,39.55,240375
1608,2026-01-12,38.2,37.35,37.6,38.05,6072
1609,2026-01-12,39.9,38.3,38.3,39.7,6480
1611,2026-01-12,13.3,13.15,13.25,13.2,906
1612,2026-01-12,34.95,34.35,34.35,34.6,787
1614,2026-01-12,34.15,33.85,34,33.9,84
1615,2026-01-12,48.65,48.2,48.4,48.5,90
1616,2026-01-12,28.3,27,27.1,28.2,1553
1617,2026-01-12,14.5,14.4,14.5,14.5,113
1618,2026-01-12,42.1,41.15,41.2,41.85,817
1626,2026-01-12,11.35,10.5,11,11.2,362
1702,2026-01-12,39.3,38.9,38.9,39.25,377
1707,2026-01-12,124.5,124,124.5,124.5,79
1708,2026-01-12,32.85,32.15,32.7,32.3,1136
1709,2026-01-12,17,16.85,16.9,16.9,271
1710,2026-01-12,12.75,12.4,12.55,12.65,1339
1711,2026-01-12,22.3,21.1,21.2,21.85,14150
1712,2026-01-12,45.1,44.5,45,45.1,560
1713,2026-01-12,51.7,47.45,48.4,51.4,3117
1714,2026-01-12,9.13,8.82,9,8.89,9232
1717,2026-01-12,56,52,52.6,54.1,76826
1718,2026-01-12,7.03,6.92,6.94,6.95,3991
1720,2026-01-12,60.1,59.2,60.1,59.7,235
1721,2026-01-12,15.65,15.2,15.5,15.35,2563
1722,2026-01-12,46.45,46.05,46.4,46.15,2000
1723,2026-01-12,70.4,69.1,69.4,70.4,540
1725,2026-01-12,28.35,27.85,28.1,28.3,137
1726,2026-01-12,76,75.9,75.9,76,10
1727,2026-01-12,48.1,45.2,45.6,47,9398
1730,2026-01-12,52.9,52.5,52.9,52.5,18
1731,2026-01-12,22,21.75,22,21.8,171
1732,2026-01-12,28.35,27.7,27.8,28.1,195
1733,2026-01-12,30.55,29.85,30.55,29.9,333
1734,2026-01-12,30.75,30.5,30.55,30.6,133
1735,2026-01-12,17.75,16.8,17,17.6,264
1736,2026-01-12,154.5,148,153,149.5,1894
1737,2026-01-12,31.6,31.45,31.6,31.5,109
1742,2026-01-12,16.4,15.8,16.4,16,107
1752,2026-01-12,37.3,36.5,37.1,36.75,136
1760,2026-01-12,64.4,63.8,64,63.8,105
1762,2026-01-12,25.05,24.95,25.05,24.95,72
1773,2026-01-12,171,161.5,171,162,2578
1776,2026-01-12,15.45,15.15,15.4,15.3,42
1777,2026-01-12,72.6,71.6,72.4,72.6,79
1781,2026-01-12,12.35,11.35,11.35,12.35,210
1783,2026-01-12,45.45,45.05,45.45,45.35,167
1784,2026-01-12,115,108.5,109,113,1207
1785,2026-01-12,65.5,63.3,64.2,63.5,7743
1786,2026-01-12,76.9,75.3,76.5,76.9,237
1788,2026-01-12,137,136.5,136.5,137,15
1789,2026-01-12,24.2,23.15,23.15,23.65,6224
1795,2026-01-12,294.5,285,294.5,285.5,2334
1796,2026-01-12,47.2,46.5,46.6,47.1,17
1799,2026-01-12,33.95,33.2,33.2,33.75,83
1802,2026-01-12,35.75,34.65,35.05,34.85,38909
1805,2026-01-12,12.2,11.95,12.2,12.1,72
1806,2026-01-12,8.89,8.81,8.89,8.84,787
1808,2026-01-12,36.95,34.4,36.5,34.5,4167
1809,2026-01-12,19.8,19,19.05,19.3,3060
1810,2026-01-12,20,18.85,20,19.35,16545
1813,2026-01-12,14.2,13.4,13.8,14.2,44
1815,2026-01-12,89.3,87,88.5,87.2,42525
1817,2026-01-12,38.3,38.2,38.2,38.25,28
1903,2026-01-12,55.9,55,55.8,55.5,139
1904,2026-01-12,17.7,17.55,17.7,17.7,885
1905,2026-01-12,12.25,11.85,11.95,12.15,3231
1906,2026-01-12,12.15,11.95,12.1,12.15,65
1907,2026-01-12,25.35,25,25.3,25.3,1089
1909,2026-01-12,10.25,9.81,9.86,10.15,2957
2002,2026-01-12,19.8,18.95,19,19.55,78094
2006,2026-01-12,69.4,67.6,67.8,69,1750
2007,2026-01-12,8.22,8.09,8.09,8.15,356
2008,2026-01-12,29.15,29.05,29.05,29.15,7
2009,2026-01-12,49.9,48.3,48.75,49.9,11134
2010,2026-01-12,21.45,21.1,21.1,21.4,2507
2012,2026-01-12,17.05,16.95,17,17.05,32
2013,2026-01-12,43.1,42.5,42.9,42.6,266
2014,2026-01-12,16.9,16.1,16.25,16.65,10124
2015,2026-01-12,63.8,62.7,62.9,63.6,349
2017,2026-01-12,9.09,8.82,8.84,8.85,742
2020,2026-01-12,23.8,23.4,23.45,23.7,275
2022,2026-01-12,8.65,8.35,8.4,8.41,875
2023,2026-01-12,15,14.75,14.8,14.8,1083
2024,2026-01-12,16.1,15.85,16.1,15.85,5
2025,2026-01-12,12.25,11.25,11.6,11.7,698
2027,2026-01-12,36.85,35.65,35.9,36.45,20156
2028,2026-01-12,18.3,17.9,17.9,18.25,109
2029,2026-01-12,21.25,21.05,21.2,21.1,209
2030,2026-01-12,15.8,15.35,15.55,15.7,1142
2031,2026-01-12,39.35,38.6,38.65,39.25,994
2032,2026-01-12,16.95,16.5,16.5,16.75,1395
2033,2026-01-12,16.35,16.1,16.1,16.15,164
2034,2026-01-12,21.3,20.65,20.85,21.2,2086
2035,2026-01-12,28.6,28.25,28.25,28.6,26
2038,2026-01-12,15.25,14.75,15,14.95,712
2049,2026-01-12,206,196.5,199,205.5,3995
2059,2026-01-12,3375,3275,3375,3365,631
2061,2026-01-12,18.6,18.25,18.6,18.55,130
2062,2026-01-12,20.8,20.5,20.8,20.5,226
2063,2026-01-12,25,24.8,24.95,24.95,38
2064,2026-01-12,11.85,11.35,11.35,11.75,29
2065,2026-01-12,29.85,29.35,29.75,29.55,90
2066,2026-01-12,49.8,48.5,48.5,48.8,23
2067,2026-01-12,10.1,9.9,10.1,9.99,78
2069,2026-01-12,19.2,18.6,18.6,19.2,732
2070,2026-01-12,44.85,43.1,43.3,44.75,303
2073,2026-01-12,26.25,26.25,26.25,26.25,3
2101,2026-01-12,37.4,36.65,37.3,36.9,1796
2102,2026-01-12,19.75,19.6,19.7,19.65,151
2103,2026-01-12,15.35,15,15.1,15.25,1684
2104,2026-01-12,11.45,11.05,11.15,11.35,2518
2105,2026-01-12,30.65,30.1,30.15,30.5,11064
2106,2026-01-12,19.5,19.25,19.3,19.5,316
2107,2026-01-12,24.6,24.4,24.55,24.45,222
2108,2026-01-12,24.6,23.55,23.65,24.35,919
2109,2026-01-12,15.05,14.95,14.95,15,212
2114,2026-01-12,90.6,89.9,90.4,90,23
2115,2026-01-12,24.35,24.2,24.2,24.3,40
2201,2026-01-12,31.8,31.15,31.45,31.65,4807
2204,2026-01-12,59.4,58.3,58.6,58.8,1354
2206,2026-01-12,61,60.3,61,60.4,602
2207,2026-01-12,546,539,542,540,222
2208,2026-01-12,20.75,19.9,20.05,20.65,5857
2211,2026-01-12,102,100,102,101,1091
2221,2026-01-12,31,30.55,30.55,30.8,42
2227,2026-01-12,55.1,54.6,54.6,54.7,41
2228,2026-01-12,110,106.5,109,106.5,609
2230,2026-01-12,94.7,92.8,93,93.3,263
2231,2026-01-12,98.6,95.1,96.9,97.9,521
2233,2026-01-12,223,212,213,220,1947
2235,2026-01-12,33.1,33.1,33.1,33.1,9
2236,2026-01-12,118.5,113.5,113.5,114.5,514
2239,2026-01-12,33.45,31.25,33.45,31.25,179
2241,2026-01-12,35.2,34.1,35.2,34.25,292
2243,2026-01-12,11.55,11.25,11.55,11.4,155
2247,2026-01-12,272.5,266.5,271.5,272,179
2248,2026-01-12,50.5,49.3,49.8,49.95,66
2250,2026-01-12,72.8,70.8,71.5,72.8,84
2254,2026-01-12,60.2,59,59.9,59,73
2258,2026-01-12,40.8,39.8,40.7,39.9,768
2301,2026-01-12,165.5,162,162,164.5,10967
2302,2026-01-12,18.65,17.9,17.9,18.05,718
2303,2026-01-12,57.4,54.8,57,55.3,186660
2305,2026-01-12,12.4,11.7,11.85,12.4,3606
2308,2026-01-12,1065,1035,1040,1055,11319
2312,2026-01-12,25.05,23.05,23.15,25.05,123800
2313,2026-01-12,127,117,119.5,127,103314
2314,2026-01-12,20.9,20.5,20.9,20.5,342
2316,2026-01-12,103,98.5,98.5,101,5660
2317,2026-01-12,233,228.5,233,228.5,31347
2321,2026-01-12,18.75,18,18.75,18,5
2323,2026-01-12,11.15,10.8,10.9,10.9,9403
2324,2026-01-12,31.6,29.7,29.7,30.35,34434
2327,2026-01-12,253,242.5,244.5,247.5,30425
2328,2026-01-12,48.7,47.85,48,48.3,2176
2329,2026-01-12,62.5,59,59.6,59.9,52424
2330,2026-01-12,1705,1690,1700,1690,29892
2331,2026-01-12,24.2,23.1,23.2,23.85,5882
2332,2026-01-12,15.4,14.75,14.85,15.35,3076
2337,2026-01-12,61.2,58.6,60,61.2,60260
2338,2026-01-12,38.4,37.05,37.05,37.65,1406
2340,2026-01-12,28.55,27.45,27.75,27.75,4465
2342,2026-01-12,34.5,32.65,33.2,32.85,6205
2344,2026-01-12,102.5,96.5,98.1,102,55249
2345,2026-01-12,1240,1180,1235,1205,3989
2347,2026-01-12,64.5,63.2,64.4,64.2,6193
2348,2026-01-12,82.3,81.3,81.8,82,243
2349,2026-01-12,15.5,14.6,15.2,15.25,19199
2351,2026-01-12,75,73.7,74.3,73.8,979
2352,2026-01-12,24.65,23.9,24.2,24.5,5609
2353,2026-01-12,27,26.25,26.3,26.85,41892
2354,2026-01-12,59.8,59.1,59.1,59.6,3769
2355,2026-01-12,34.15,31.8,31.8,33.95,8146
2356,2026-01-12,43.9,43,43.05,43.65,10668
2357,2026-01-12,546,534,538,546,5953
2359,2026-01-12,131.5,130,131.5,131,906
2360,2026-01-12,963,921,931,954,3102
2362,2026-01-12,38.2,37.6,37.6,38.2,436
2363,2026-01-12,49.7,48.85,49.7,49.1,4260
2364,2026-01-12,67,66,66.6,66.1,446
2365,2026-01-12,35.5,34.85,35.05,35.45,1616
2367,2026-01-12,33.65,31.25,31.4,33.65,118023
2368,2026-01-12,679,654,654,666,10017
2369,2026-01-12,27.25,25.9,26,26.05,28040
2371,2026-01-12,32.7,30.8,31.25,32.45,32775
2373,2026-01-12,56.5,55.8,56.5,55.8,42
2374,2026-01-12,80.6,78.6,78.9,79.9,5819
2375,2026-01-12,96.2,90.7,90.7,93.9,4410
2376,2026-01-12,241,235.5,240,235.5,6114
2377,2026-01-12,100.5,97.4,98.2,100,12917
2379,2026-01-12,558,513,513,539,4343
2380,2026-01-12,5.62,5.15,5.62,5.24,268
2382,2026-01-12,286,278,285.5,280.5,20584
2383,2026-01-12,1610,1555,1565,1610,3212
2385,2026-01-12,117.5,116,117,117,2976
2387,2026-01-12,38.85,38.25,38.35,38.8,273
2388,2026-01-12,52,49.75,50.3,51.8,3305
2390,2026-01-12,10.15,9.99,10.15,10,286
2392,2026-01-12,38.25,37.15,37.2,38,2039
2393,2026-01-12,56.2,55.2,56.2,55.8,3546
2395,2026-01-12,293.5,286,293.5,288,1324
2397,2026-01-12,61.7,60.1,60.5,61.7,295
2399,2026-01-12,27.25,25,25.1,27.05,15381
2401,2026-01-12,20.9,20.3,20.45,20.7,2379
2402,2026-01-12,58.7,56.2,56.5,57.3,10697
2404,2026-01-12,1030,979,1010,982,4599
2405,2026-01-12,17.4,17,17.2,17.1,3922
2406,2026-01-12,28.05,27.5,28,28.05,18317
2408,2026-01-12,239,222,225.5,239,15196
2409,2026-01-12,15.9,14.25,14.65,15.3,489211
2412,2026-01-12,134,132.5,133,133.5,4622
2413,2026-01-12,47.3,44.4,44.4,47.3,4870
2414,2026-01-12,41.25,40.9,41.25,40.9,113
2415,2026-01-12,27.1,26.8,27,26.9,206
2417,2026-01-12,40.1,38.8,39.1,39.8,765
2419,2026-01-12,28.15,25.75,26.1,28.15,7229
2420,2026-01-12,51.1,50.1,50.1,50.8,279
2421,2026-01-12,159.5,155,159.5,155.5,2130
2423,2026-01-12,55.9,53.9,54.8,54,124
2424,2026-01-12,33,31.5,31.8,32.6,35
2425,2026-01-12,31.7,30.6,30.6,31.5,705
2426,2026-01-12,16.95,16.45,16.5,16.8,632
2427,2026-01-12,26.85,26.55,26.55,26.7,700
2428,2026-01-12,178.5,173,174.5,174,552
2429,2026-01-12,77.3,75.2,76,76.6,525
2430,2026-01-12,22.7,22.55,22.7,22.55,39
2431,2026-01-12,12.1,11.75,11.75,12,509
2432,2026-01-12,24.95,24.75,24.9,24.9,20
2433,2026-01-12,47,46.85,46.85,46.95,54
2434,2026-01-12,30.95,30.25,30.95,30.25,44
2436,2026-01-12,49.2,48.4,48.4,48.4,1133
2438,2026-01-12,22,21.6,21.65,21.8,95
2439,2026-01-12,102,99.8,100,102,1855
2440,2026-01-12,15.3,14.35,14.4,14.9,454
2441,2026-01-12,97,90.2,91.6,93.9,23844
2442,2026-01-12,23.4,22.95,23.4,23.15,735
2444,2026-01-12,12.2,11.45,11.65,12.2,1500
2449,2026-01-12,271,263.5,267.5,270,23700
2450,2026-01-12,28.95,28.6,28.95,28.65,140
2451,2026-01-12,257,236,255,237,23780
2453,2026-01-12,55.2,54,54.5,55.2,1087
2454,2026-01-12,1450,1425,1445,1445,4067
2455,2026-01-12,162,150,150,162,17402
2457,2026-01-12,29,28.05,28.25,28.1,3863
2458,2026-01-12,120,117,120,117.5,2133
2459,2026-01-12,66.6,66.3,66.4,66.6,78
2460,2026-01-12,24.3,23.5,24.3,23.5,428
2461,2026-01-12,16.65,16.25,16.45,16.3,362
2462,2026-01-12,24.8,23.8,23.95,24.15,859
2464,2026-01-12,66.7,65.4,65.5,65.8,1257
2465,2026-01-12,59.4,58.2,58.5,58.4,276
2466,2026-01-12,68.8,65.3,68.1,66.2,1981
2467,2026-01-12,262,249.5,261.5,254,2956
2468,2026-01-12,41.35,40.7,41.1,40.95,373
2471,2026-01-12,52.8,51.4,51.9,52,347
2472,2026-01-12,114,110.5,111,111,4074
2474,2026-01-12,207.5,204,204,206.5,3046
2476,2026-01-12,93,91.2,93,91.4,1398
2477,2026-01-12,25,24.65,24.9,24.65,290
2478,2026-01-12,66.3,62.7,63,65,3771
2480,2026-01-12,151,146,151,148.5,439
2481,2026-01-12,84.8,81,81.5,84.4,21471
2482,2026-01-12,18.4,17.2,17.3,17.8,339
2483,2026-01-12,19.2,18.85,19.05,19,85
2484,2026-01-12,21.1,20.7,20.7,20.95,547
2485,2026-01-12,27.5,26.4,26.4,27.5,12889
2486,2026-01-12,91.8,90.5,91.6,91,4115
2488,2026-01-12,45.6,44.75,45.6,45.05,654
2489,2026-01-12,16.2,15.35,15.6,15.75,6497
2491,2026-01-12,19.35,18.6,18.6,19.1,472
2492,2026-01-12,130,124,125,125,8535
2493,2026-01-12,129,123.5,127,127,2834
2495,2026-01-12,33.8,32.15,32.2,32.5,7888
2496,2026-01-12,69,67.6,67.9,68.7,48
2497,2026-01-12,53.4,51.6,53.3,51.6,642
2498,2026-01-12,46.7,46.15,46.35,46.25,4659
2501,2026-01-12,24.35,23.5,24.15,23.6,3287
2504,2026-01-12,38,37.45,37.5,38,2440
2505,2026-01-12,21,19.95,21,19.95,1929
2506,2026-01-12,9.19,9.05,9.07,9.1,203
2509,2026-01-12,15.6,15.4,15.6,15.45,223
2511,2026-01-12,8.6,8.45,8.6,8.54,1234
2514,2026-01-12,14.9,14.7,14.75,14.75,169
2515,2026-01-12,13.5,13.2,13.5,13.4,10451
2516,2026-01-12,14.85,14.5,14.85,14.6,166
2520,2026-01-12,33.75,32.65,32.95,33.65,2412
2524,2026-01-12,41.7,41.4,41.7,41.5,72
2527,2026-01-12,32.2,31.85,32.15,32.2,1905
2528,2026-01-12,30.55,29.7,30.5,30.05,1243
2530,2026-01-12,30.2,29.25,30.05,29.6,1406
2534,2026-01-12,20.45,20.05,20.45,20.35,1027
2535,2026-01-12,65.4,64.4,65.4,64.7,367
2536,2026-01-12,25.55,25.35,25.45,25.35,338
2537,2026-01-12,12,11.55,11.75,11.65,1701
2538,2026-01-12,11.05,10.85,11,10.95,389
2539,2026-01-12,48.7,47.85,48.7,48.35,468
2540,2026-01-12,46.7,45.25,45.6,46.6,680
2542,2026-01-12,40.35,39.65,40.25,39.7,5063
2543,2026-01-12,64.9,62.8,63.9,63.1,2440
2545,2026-01-12,39.9,39.3,39.9,39.45,295
2546,2026-01-12,90.1,88.4,89.6,89,159
2547,2026-01-12,10.9,10.75,10.85,10.85,948
2548,2026-01-12,117.5,114,116.5,116,792
2596,2026-01-12,39.9,37.9,38.6,38.5,151
2597,2026-01-12,181.5,178.5,180,179.5,454
2601,2026-01-12,5.56,5.48,5.52,5.5,1029
2603,2026-01-12,196,193.5,195.5,195.5,7225
2605,2026-01-12,28.95,26.8,27.65,28.9,25356
2606,2026-01-12,62.4,60.8,61.9,61.9,5838
2607,2026-01-12,57.9,57.5,57.8,57.9,374
2608,2026-01-12,33.1,32.9,33.05,33.1,262
2609,2026-01-12,56.2,55.2,56.2,56.1,10719
2610,2026-01-12,20.8,20.5,20.65,20.75,21604
2611,2026-01-12,15.1,14.8,14.95,15.1,378
2612,2026-01-12,62.1,60.3,61.5,62.1,1598
2613,2026-01-12,24.5,23.85,24,24.35,494
2614,2026-01-12,23.15,22.35,22.35,23,1920
2615,2026-01-12,79.6,78.6,79.6,79.6,3771
2616,2026-01-12,13.4,13.25,13.35,13.35,120
2617,2026-01-12,31.45,30.9,31.4,31.3,815
2618,2026-01-12,37.35,36.7,36.9,37.1,34086
2630,2026-01-12,55.6,51.6,52.3,54.7,10753
2633,2026-01-12,27.95,27.6,27.95,27.6,3326
2634,2026-01-12,55.3,52,52.5,54.6,19287
2636,2026-01-12,67.1,66.1,67.1,66.8,336
2637,2026-01-12,72,69.6,70.9,71.7,5098
2640,2026-01-12,130.5,128,130,130,80
2641,2026-01-12,21.05,20.8,20.95,21.05,4152
2642,2026-01-12,25.75,25.6,25.75,25.65,58
2643,2026-01-12,73.6,72.8,73.6,72.8,48
2645,2026-01-12,149.5,143.5,145,147.5,2649
2646,2026-01-12,23.55,23.35,23.4,23.35,3591
2701,2026-01-12,11.05,11,11,11,92
2702,2026-01-12,12.1,11.9,11.95,11.9,66
2704,2026-01-12,42.7,42.3,42.35,42.65,44
2705,2026-01-12,16.8,16.5,16.5,16.65,127
2706,2026-01-12,12.9,12.85,12.85,12.85,115
2707,2026-01-12,191,190,190.5,191,54
2712,2026-01-12,17.95,17.8,17.85,17.95,11
2718,2026-01-12,51.8,50.9,51.3,51.5,50
2719,2026-01-12,30,29.55,30,29.6,25
2722,2026-01-12,25.2,24.95,25.2,25.1,26
2723,2026-01-12,74.8,71.3,72,74.7,1534
2724,2026-01-12,21,20.25,20.25,21,3
2726,2026-01-12,12.8,12.55,12.7,12.65,40
2727,2026-01-12,219,217,219,217.5,213
2729,2026-01-12,176,173,175,174.5,46
2731,2026-01-12,171.5,168.5,171.5,169.5,775
2732,2026-01-12,69.5,68.4,68.4,69.4,23
2734,2026-01-12,18.6,18.3,18.3,18.6,92
2736,2026-01-12,14.65,14.5,14.65,14.55,43
2739,2026-01-12,35.35,35.05,35.3,35.05,46
2740,2026-01-12,30,28.65,28.65,29,14
2743,2026-01-12,82,80.5,82,81.2,91
2745,2026-01-12,110.5,107,110.5,107.5,284
2748,2026-01-12,42.5,42.1,42.5,42.4,110
2751,2026-01-12,61.8,61.2,61.8,61.6,24
2752,2026-01-12,207,205.5,207,206,37
2753,2026-01-12,193,191,192.5,192.5,160
2754,2026-01-12,85.5,83.5,85.5,84,16
2755,2026-01-12,119.5,118,118,119.5,15
2756,2026-01-12,80.9,78,78,80.1,152
2762,2026-01-12,77.2,76.1,76.1,76.3,25
2801,2026-01-12,20.6,20.45,20.6,20.55,14394
2812,2026-01-12,21.05,20.8,20.9,20.85,8106
2816,2026-01-12,29.55,29,29,29.35,96
2820,2026-01-12,16.45,16.4,16.4,16.4,643
2832,2026-01-12,50.2,49.85,50.2,50,156
2834,2026-01-12,16.15,15.8,16.1,15.95,32978
2836,2026-01-12,12.25,12.1,12.25,12.15,1293
2838,2026-01-12,19,18.8,19,18.85,1842
2845,2026-01-12,12.9,12.8,12.85,12.8,6471
2849,2026-01-12,13.4,13.35,13.35,13.35,32
2850,2026-01-12,116.5,115,116,116,274
2851,2026-01-12,26.85,26.5,26.7,26.8,954
2852,2026-01-12,27.85,27.65,27.7,27.8,277
2855,2026-01-12,26.9,26.5,26.75,26.65,5598
2867,2026-01-12,7.8,7.7,7.8,7.74,13679
2880,2026-01-12,32.2,31.7,31.85,32.1,8829
2881,2026-01-12,95.8,95,95.6,95,13269
2882,2026-01-12,76.4,75.3,76.4,76.1,18222
2883,2026-01-12,17.7,17.45,17.5,17.65,36090
2884,2026-01-12,32.7,32.5,32.6,32.5,28410
2885,2026-01-12,40.75,40.1,40.75,40.5,14235
2886,2026-01-12,40.65,40.25,40.65,40.3,13137
2887,2026-01-12,21.05,20.8,20.95,20.9,39611
2889,2026-01-12,17,16.75,16.75,17,5142
2890,2026-01-12,29.15,28.65,29,28.75,19983
2891,2026-01-12,50.4,49.8,50,50,22877
2892,2026-01-12,29.6,29.3,29.55,29.4,16789
2897,2026-01-12,9.16,9.1,9.15,9.14,4043
2901,2026-01-12,25.1,24.7,25.1,24.9,6
2903,2026-01-12,22.6,22.3,22.6,22.4,1764
2904,2026-01-12,17.15,17.05,17.1,17.1,45
2905,2026-01-12,16.1,15.7,15.7,16,909
2906,2026-01-12,12.65,12.35,12.45,12.6,212
2908,2026-01-12,20.15,19.8,20.15,20.15,382
2910,2026-01-12,20.85,20.85,20.85,20.85,4
2911,2026-01-12,5.04,5,5.03,5,33
2912,2026-01-12,224.5,221.5,221.5,223,1311
2913,2026-01-12,13.4,13.2,13.3,13.3,1009
2915,2026-01-12,52.4,51.8,52.4,52.1,2207
2916,2026-01-12,48.75,47.35,48.75,47.4,266
2923,2026-01-12,20.3,19.85,20.25,19.85,12
2924,2026-01-12,20,20,20,20,1
2926,2026-01-12,40.2,38.9,38.9,40.15,29
2929,2026-01-12,7.71,7.61,7.71,7.65,262
2937,2026-01-12,44,43.3,43.9,43.9,10
2939,2026-01-12,23.15,22.45,23.15,22.65,49
2941,2026-01-12,42.4,42.35,42.35,42.4,2
2945,2026-01-12,37.5,37.4,37.4,37.5,9
2947,2026-01-12,82.5,81.9,81.9,82.1,12
2948,2026-01-12,37.6,37.2,37.4,37.5,12
3002,2026-01-12,23.55,23,23.1,23,967
3003,2026-01-12,46.65,46.1,46.6,46.2,273
3004,2026-01-12,116,111,112,116,689
3005,2026-01-12,118,116,117,116.5,2152
3006,2026-01-12,146.5,142,142.5,146,4170
3008,2026-01-12,2530,2450,2530,2490,1096
3010,2026-01-12,110,108.5,109.5,109.5,942
3011,2026-01-12,14.4,13.95,14.05,14,536
3013,2026-01-12,125.5,123,124.5,124,2193
3014,2026-01-12,115.5,114,115.5,115,825
3015,2026-01-12,52.5,51.3,51.3,52.2,322
3016,2026-01-12,60.5,56.3,57,58.3,4734
3017,2026-01-12,1400,1340,1395,1355,5216
3018,2026-01-12,11.4,11.3,11.3,11.4,10
3019,2026-01-12,142,140.5,141,140.5,1978
3021,2026-01-12,18.9,17.95,17.95,18.45,418
3022,2026-01-12,68,65,65.5,67.8,1496
3023,2026-01-12,195.5,193.5,194.5,194,1222
3024,2026-01-12,11.15,10.9,11.05,11.15,806
3025,2026-01-12,77.2,71.3,72.3,75,5047
3026,2026-01-12,106,103.5,104,105,1001
3027,2026-01-12,25.5,24.4,24.7,24.85,1261
3028,2026-01-12,41.95,39.5,39.5,41.3,7806
3029,2026-01-12,112,109.5,111,110.5,1588
3030,2026-01-12,179,170.5,175.5,176.5,2591
3031,2026-01-12,19.9,19.4,19.4,19.75,347
3032,2026-01-12,75.8,73.9,74.5,74,460
3033,2026-01-12,31.75,30.65,30.9,31.2,5069
3034,2026-01-12,384.5,377,383,383,2991
3035,2026-01-12,172,167.5,168.5,170.5,2550
3036,2026-01-12,146.5,143,146,144,6710
3037,2026-01-12,246,234.5,234.5,243.5,40794
3038,2026-01-12,23.4,23.2,23.25,23.4,183
3040,2026-01-12,54.5,52.7,52.9,53.1,133
3041,2026-01-12,27.2,26.05,27.2,26.45,5742
3042,2026-01-12,81.4,80.3,80.8,81.3,1400
3043,2026-01-12,21.25,21,21.05,21.15,77
3044,2026-01-12,326.5,313.5,322,313.5,3767
3045,2026-01-12,108,106.5,107.5,107.5,7087
3046,2026-01-12,54.2,52.6,53.2,53.3,412
3047,2026-01-12,18.75,17.85,17.9,18.5,2583
3048,2026-01-12,42.75,41.7,42.35,41.75,3743
3049,2026-01-12,7.22,6.91,6.98,7.11,4765
3050,2026-01-12,13.75,13.4,13.5,13.7,1534
3051,2026-01-12,20.3,19,19.55,20.1,2255
3052,2026-01-12,12,11.8,11.9,11.85,416
3054,2026-01-12,31.65,30.05,30.7,30.4,45
3055,2026-01-12,75.7,72.8,73.6,73.5,581
3056,2026-01-12,18.1,17.8,18.1,17.8,1260
3057,2026-01-12,20,19.15,19.15,19.45,1642
3058,2026-01-12,9.54,9.32,9.49,9.42,1232
3059,2026-01-12,40.1,39.2,40.1,39.6,4499
3060,2026-01-12,35.15,33.45,33.75,34.6,12768
3062,2026-01-12,25.25,23.45,23.5,24.75,11832
3064,2026-01-12,46.85,46.85,46.85,46.85,1
3066,2026-01-12,14,13.75,14,13.75,41
3067,2026-01-12,18.8,18.75,18.8,18.75,4
3071,2026-01-12,24.2,23.2,23.2,24.15,694
3073,2026-01-12,31.15,30,30.8,30.8,56
3078,2026-01-12,66,64,66,64.5,4532
3081,2026-01-12,673,622,632,673,6812
3083,2026-01-12,35.6,34.7,34.7,35.5,187
3085,2026-01-12,13,12.85,12.9,12.85,21
3086,2026-01-12,208,202.5,206.5,203.5,131
3088,2026-01-12,82.7,80.5,81.3,81.8,656
3090,2026-01-12,104.5,100.5,100.5,101.5,5619
3092,2026-01-12,29.5,27.6,27.6,29.5,808
3093,2026-01-12,25.55,25,25.1,25.05,124
3094,2026-01-12,25.05,24.5,24.85,24.6,356
3095,2026-01-12,33.95,29.3,32.3,29.3,284
3105,2026-01-12,235,218.5,220,233,53691
3114,2026-01-12,26.05,25.7,25.75,26.05,83
3115,2026-01-12,10.15,10.1,10.15,10.1,5
3118,2026-01-12,33.4,33.05,33.2,33.2,20
3122,2026-01-12,21.35,20.8,21.2,21.25,76
3128,2026-01-12,29.1,28.5,28.75,28.7,342
3130,2026-01-12,224.5,223,224.5,223,16
3131,2026-01-12,1895,1810,1855,1825,1243
3135,2026-01-12,103.5,99.9,103.5,103.5,5741
3138,2026-01-12,136.5,132.5,133.5,136.5,1509
3141,2026-01-12,51.2,49.35,49.35,50.2,437
3147,2026-01-12,161.5,155.5,160.5,156.5,640
3149,2026-01-12,45,40.85,41.1,44.7,19264
3150,2026-01-12,20.75,20.2,20.55,20.65,48
3152,2026-01-12,155.5,143,143.5,155.5,1772
3158,2026-01-12,91.5,90.2,91,90.2,39
3162,2026-01-12,62.3,59.6,61.9,59.6,3085
3163,2026-01-12,370.5,358.5,365.5,358.5,909
3164,2026-01-12,18.45,18.25,18.4,18.25,26
3167,2026-01-12,238.5,221.5,223.5,232,12012
3168,2026-01-12,41.95,40.6,40.6,41,13
3169,2026-01-12,98.9,95.8,95.8,96.2,131
3171,2026-01-12,48.6,47.9,48.35,48.25,54
3176,2026-01-12,32.35,31.85,32.25,31.9,124
3178,2026-01-12,62.5,59.6,59.6,60.5,214
3188,2026-01-12,29.85,29.35,29.85,29.4,214
3189,2026-01-12,182.5,172.5,172.5,181,30952
3191,2026-01-12,18.2,17.8,17.8,17.9,43
3205,2026-01-12,52.4,50.8,51.5,51.7,158
3206,2026-01-12,32,31.55,32,31.8,26
3207,2026-01-12,83.3,78.6,81.2,83.3,4383
3209,2026-01-12,32.55,32.1,32.1,32.35,508
3211,2026-01-12,305,292,304.5,298,4039
3213,2026-01-12,105.5,104,104,105,358
3217,2026-01-12,162.5,159,160.5,161,717
3218,2026-01-12,150.5,149,149,149.5,231
3219,2026-01-12,73.7,70.4,71,72.6,959
3221,2026-01-12,23.2,22.65,22.75,22.8,587
3224,2026-01-12,47.15,46,46.6,46.95,74
3226,2026-01-12,43.9,39.5,42.6,43.9,64
3227,2026-01-12,210,206,208,209.5,853
3228,2026-01-12,128,122.5,122.5,126.5,249
3229,2026-01-12,24.95,23.7,24,24.95,246
3230,2026-01-12,35.7,34.5,35.35,34.7,422
3231,2026-01-12,151,146,150.5,146,44335
3232,2026-01-12,23.85,23.3,23.35,23.85,48
3234,2026-01-12,45.9,44.3,44.4,44.75,641
3236,2026-01-12,33.55,31.35,31.85,31.35,10542
3252,2026-01-12,18.6,18.3,18.3,18.55,141
3257,2026-01-12,65.5,64.5,64.6,65.1,364
3259,2026-01-12,21,20.6,21,20.65,87
3260,2026-01-12,274,263.5,265,274,2897
3264,2026-01-12,131,124,126.5,131,6023
3265,2026-01-12,133,126.5,129.5,130,5374
3266,2026-01-12,14.1,14,14.1,14,31
3268,2026-01-12,17.2,16.7,16.8,17.1,91
3272,2026-01-12,19.85,19.6,19.6,19.8,17
3276,2026-01-12,16.2,15.5,15.5,16,260
3284,2026-01-12,20.3,19.95,20.15,20,236
3285,2026-01-12,28.7,28.2,28.5,28.4,21
3287,2026-01-12,29.55,28.9,29.15,29.15,75
3288,2026-01-12,17.25,16.25,17.25,16.3,24
3289,2026-01-12,124.5,119,120.5,123,2113
3290,2026-01-12,47.45,46.35,46.5,47,761
3293,2026-01-12,741,728,732,741,1144
3294,2026-01-12,40.4,39.1,40.2,39.25,1063
3296,2026-01-12,23.75,23.45,23.5,23.6,64
3297,2026-01-12,41.6,40.65,40.65,41.15,127
3303,2026-01-12,48.7,44.85,44.9,46.45,1494
3305,2026-01-12,121.5,111,112.5,121.5,26045
3306,2026-01-12,49.2,46.95,48.05,49.2,440
3308,2026-01-12,23.05,22.05,22.4,22.9,262
3310,2026-01-12,80.7,76,80.6,78.9,73
3311,2026-01-12,32.3,31.5,31.5,31.95,170
3312,2026-01-12,42.5,40.75,42.5,40.8,2946
3313,2026-01-12,14.8,14.55,14.55,14.6,110
3317,2026-01-12,46.35,45.6,45.6,46,381
3321,2026-01-12,20,18.95,19,19.9,1091
3322,2026-01-12,16.9,15.9,16.2,16.1,1156
3323,2026-01-12,39.9,39.2,39.8,39.5,1638
3324,2026-01-12,985,961,976,963,2278
3325,2026-01-12,16.8,16.3,16.5,16.65,481
3332,2026-01-12,57.6,55.8,56.2,57.3,28
3338,2026-01-12,49.45,48.55,48.65,48.7,171
3339,2026-01-12,27.5,26,26.2,27.4,985
3346,2026-01-12,19.15,18.9,19.15,18.95,132
3349,2026-01-12,31.4,30.2,30.5,31.3,481
3354,2026-01-12,29.1,26.8,27.2,28.75,827
3356,2026-01-12,47.6,46.95,47.15,47.45,320
3357,2026-01-12,165.5,159,161.5,160,1741
3360,2026-01-12,17,16,16.25,16,6296
3362,2026-01-12,103,94.3,94.3,103,1970
3363,2026-01-12,439,425.5,435,433,2694
3372,2026-01-12,23.65,22.6,23.4,23.15,3888
3373,2026-01-12,17.6,17.3,17.3,17.4,110
3374,2026-01-12,185,169.5,172,184,16731
3376,2026-01-12,238,227.5,233,234,8921
3379,2026-01-12,50.2,49.55,50,49.8,226
3380,2026-01-12,33.35,32,32,33,5272
3388,2026-01-12,62,61.6,61.7,61.8,64
3390,2026-01-12,24.45,24,24.15,24.4,357
3402,2026-01-12,145,138,140.5,139.5,2863
3406,2026-01-12,474,461.5,464,463,1741
3413,2026-01-12,280.5,277,278.5,279.5,701
3416,2026-01-12,150.5,148.5,148.5,150,206
3419,2026-01-12,14.4,13.85,13.9,14.2,667
3426,2026-01-12,41.05,40.2,41.05,40.55,19
3430,2026-01-12,86,80.3,80.3,82.8,3073
3432,2026-01-12,14.4,14.1,14.3,14.4,49
3434,2026-01-12,30.8,30.35,30.8,30.4,109
3437,2026-01-12,15.85,14.8,15,15.2,868
3438,2026-01-12,53.9,53.4,53.8,53.4,138
3441,2026-01-12,38.45,37.65,37.75,37.8,177
3443,2026-01-12,2475,2335,2375,2435,2442
3444,2026-01-12,74.8,73.6,73.9,74.3,149
3447,2026-01-12,48.5,47.45,47.9,47.55,406
3450,2026-01-12,265,257,263.5,257,6883
3454,2026-01-12,98.9,98.7,98.8,98.7,279
3455,2026-01-12,121.5,108,110.5,121.5,6389
3465,2026-01-12,48.5,46.3,47.5,48.5,24
3466,2026-01-12,40.8,40.05,40.1,40.25,293
3467,2026-01-12,46.1,44.5,45.5,45,15
3479,2026-01-12,93.5,92.5,93,92.7,276
3481,2026-01-12,22,21,21,22,122276
3483,2026-01-12,89.7,88.1,89.4,88.2,509
3484,2026-01-12,49,47.75,48.2,49,321
3489,2026-01-12,22.55,22.3,22.5,22.35,46
3490,2026-01-12,25.95,25.1,25.3,25.7,490
3491,2026-01-12,833,782,783,796,3900
3492,2026-01-12,26.2,25.75,26,25.95,136
3494,2026-01-12,8.62,8.4,8.49,8.62,184
3498,2026-01-12,55.4,53,54.4,54.3,2179
3499,2026-01-12,19,17.35,17.85,19,655
3501,2026-01-12,48.35,47.8,48.2,47.85,197
3504,2026-01-12,52.3,51.3,51.4,52,228
3508,2026-01-12,23.85,23.5,23.55,23.55,135
3511,2026-01-12,21.9,21.25,21.3,21.65,447
3512,2026-01-12,21.65,21.25,21.5,21.6,43
3515,2026-01-12,246,237.5,246,238,1469
3516,2026-01-12,19.9,19.75,19.9,19.8,14
3518,2026-01-12,21.75,21.45,21.55,21.5,306
3520,2026-01-12,16.1,15.85,15.95,15.9,152
3521,2026-01-12,15.15,14.35,15.15,14.5,187
3522,2026-01-12,17.95,17.2,17.2,17.7,178
3523,2026-01-12,18.3,17.8,18.3,18.05,55
3526,2026-01-12,250.5,246.5,249.5,248.5,218
3527,2026-01-12,57.9,55,55,57.4,83
3528,2026-01-12,70.6,68.8,69.7,69.6,475
3529,2026-01-12,1720,1660,1680,1695,515
3530,2026-01-12,77.2,75.7,76.7,76,424
3531,2026-01-12,22.5,21.1,21.1,22.5,2
3532,2026-01-12,121.5,114.5,115,121,8709
3533,2026-01-12,1460,1385,1460,1430,1379
3535,2026-01-12,94,85.2,94,85.4,14220
3537,2026-01-12,52.1,50.5,51.4,50.5,555
3540,2026-01-12,33.1,31.65,33.1,31.7,740
3541,2026-01-12,26.45,25.3,26.45,25.3,375
3543,2026-01-12,48.2,45.35,47.15,45.75,7834
3545,2026-01-12,53.2,51.7,52.2,53.1,1214
3546,2026-01-12,85.5,81.7,84.5,81.7,921
3548,2026-01-12,91,88,88,89.1,246
3550,2026-01-12,15.8,15.25,15.55,15.35,919
3551,2026-01-12,209,201.5,201.5,206,3502
3552,2026-01-12,60.8,60.1,60.1,60.4,128
3555,2026-01-12,87.9,84.4,85.8,85.9,325
3556,2026-01-12,37.5,37.1,37.3,37.2,80
3557,2026-01-12,38,36,36,37.7,293
3558,2026-01-12,136.5,128,128,134.5,728
3563,2026-01-12,518,502,513,503,699
3564,2026-01-12,48.3,47.35,47.8,48.2,82
3567,2026-01-12,26.3,25.35,25.35,25.5,77
3570,2026-01-12,165.5,163.5,165.5,165.5,62
3576,2026-01-12,9.75,8.91,9.05,9.36,14545
3577,2026-01-12,63,61.7,62,62.5,145
3580,2026-01-12,71.9,69,69,70.7,2786
3581,2026-01-12,72.4,72.4,72.4,72.4,987
3583,2026-01-12,354.5,344,348.5,346,476
3587,2026-01-12,194.5,191,192,193,361
3588,2026-01-12,53.2,51.3,52,52.6,913
3591,2026-01-12,18.35,18.1,18.3,18.2,199
3592,2026-01-12,222,216.5,222,222,640
3593,2026-01-12,12.95,12.7,12.95,12.7,29
3594,2026-01-12,36.55,36.05,36.15,36.05,225
3596,2026-01-12,177.5,174,175.5,177,509
3597,2026-01-12,25.5,25.3,25.5,25.3,31
3605,2026-01-12,62.2,60,60,62.2,1517
3607,2026-01-12,14.7,14.3,14.3,14.5,372
3609,2026-01-12,39.15,37.25,39.15,38.05,333
3611,2026-01-12,201.5,200,200,201,15
3615,2026-01-12,26.05,25.6,25.75,25.75,417
3617,2026-01-12,196,191,194.5,194.5,253
3622,2026-01-12,70.6,67.1,69.3,67.7,3291
3623,2026-01-12,32.55,31,31.2,31.05,2733
3624,2026-01-12,63,60.4,61.2,60.5,8401
3625,2026-01-12,20.25,19.9,20.15,20,605
3628,2026-01-12,69.5,67.7,67.7,69.5,216
3629,2026-01-12,26.45,24.85,26.45,25,10
3630,2026-01-12,33.7,31.4,31.4,32.15,3413
3631,2026-01-12,23.4,22.8,23.35,23.4,81
3632,2026-01-12,9.33,9.3,9.3,9.3,7
3645,2026-01-12,55.5,53.4,53.9,53.9,2059
3646,2026-01-12,25,24.25,24.25,24.8,80
3652,2026-01-12,29.25,28.35,29.25,28.35,124
3653,2026-01-12,2605,2495,2605,2535,1302
3661,2026-01-12,3710,3535,3610,3630,1586
3663,2026-01-12,57.9,56,56.4,57.9,3759
3664,2026-01-12,17.05,15.95,17.05,16.35,163
3665,2026-01-12,1450,1380,1450,1395,2346
3666,2026-01-12,31.2,30.25,31.2,30.5,147
3669,2026-01-12,41.8,39.15,39.85,40.4,390
3672,2026-01-12,12.1,11.6,11.85,12.1,79
3673,2026-01-12,43.15,41.3,41.5,43.1,3699
3675,2026-01-12,140.5,135,135,139,345
3679,2026-01-12,115,113,114.5,114.5,47
3680,2026-01-12,426,412,420.5,425,2613
3684,2026-01-12,62.8,58.4,58.4,60.4,117
3685,2026-01-12,40.4,39,39,40,565
3686,2026-01-12,18.75,17.8,17.8,18.2,204
3687,2026-01-12,84.4,82.5,82.5,83.5,192
3689,2026-01-12,127,122,124,125.5,4409
3691,2026-01-12,85.3,81.5,82,84.4,1327
3693,2026-01-12,378,352,352,378,4207
3694,2026-01-12,62.5,60,60,61.8,2041
3701,2026-01-12,55.9,51.5,52.1,55.9,3954
3702,2026-01-12,64.5,62.9,64.2,63.6,9002
3703,2026-01-12,23.4,22.8,23.05,23.4,1298
3704,2026-01-12,33.1,32.05,32.55,33.05,1633
3705,2026-01-12,57.7,56.8,57.5,57.2,302
3706,2026-01-12,89.9,88,89.8,88,15954
3707,2026-01-12,57.6,54,54,56.5,10998
3708,2026-01-12,121.5,111,111.5,119.5,3939
3709,2026-01-12,63.9,61.9,62.9,63.8,3477
3710,2026-01-12,5.79,5.65,5.68,5.72,580
3711,2026-01-12,296,275,280,283,24312
3712,2026-01-12,25.1,24.7,24.7,24.9,804
3713,2026-01-12,23.5,22.7,22.7,23.35,479
3714,2026-01-12,36,34.75,34.95,35.3,3719
3715,2026-01-12,150,139,143.5,144.5,121149
3716,2026-01-12,33.65,33.4,33.45,33.6,117
3717,2026-01-12,17.5,17.05,17.2,17.1,615
4102,2026-01-12,20.05,19.9,19.95,20,58
4104,2026-01-12,79.5,78.9,79.2,79.2,175
4105,2026-01-12,83.3,81.8,83,82.4,534
4106,2026-01-12,22.2,22,22.1,22.15,88
4107,2026-01-12,125,123,123.5,124.5,95
4108,2026-01-12,14.05,13.7,14,13.8,286
4109,2026-01-12,14.9,14.6,14.9,14.7,491
4111,2026-01-12,29.4,29.15,29.15,29.2,122
4113,2026-01-12,23,22.5,22.7,23,153
4114,2026-01-12,33.45,33.1,33.2,33.1,831
4116,2026-01-12,44.8,44.55,44.6,44.75,39
4119,2026-01-12,52.4,50,52.4,51.2,423
4120,2026-01-12,45.35,43.9,43.9,44.5,42
4121,2026-01-12,15.25,15.15,15.2,15.15,88
4123,2026-01-12,41.2,40.5,41.2,40.95,1058
4126,2026-01-12,83.3,82.1,83.3,82.4,62
4127,2026-01-12,30.55,29.85,30,30,49
4128,2026-01-12,20.9,20.05,20.4,20.35,2923
4129,2026-01-12,113,109.5,113,110.5,348
4130,2026-01-12,36.55,33.5,34.25,36.55,7330
4131,2026-01-12,41.8,40.4,41.75,41.25,119
4133,2026-01-12,23.5,23.3,23.45,23.3,80
4137,2026-01-12,105.5,103,103,105,231
4138,2026-01-12,60.9,59.8,59.9,60.8,44
4139,2026-01-12,25.4,24.6,25.4,24.8,5
4142,2026-01-12,20.7,20.2,20.2,20.45,4429
4147,2026-01-12,62.5,60.9,61.5,61.4,741
4148,2026-01-12,39.8,38,38,39.1,70
4153,2026-01-12,35.3,34.8,35.1,34.9,27
4155,2026-01-12,14.65,14.45,14.6,14.55,186
4157,2026-01-12,15.55,14.4,15.35,14.65,10045
4160,2026-01-12,53.7,51.3,52.7,52.6,213
4161,2026-01-12,25.25,24.85,25.25,25,86
4162,2026-01-12,72,70.4,72,70.7,1170
4163,2026-01-12,94.5,93,93,93.5,11
4164,2026-01-12,37.1,36.3,37,36.3,1026
4166,2026-01-12,27.5,27.2,27.5,27.35,115
4167,2026-01-12,20.4,19.65,20.25,19.85,5225
4168,2026-01-12,27.1,25.95,26.65,26.5,530
4171,2026-01-12,20.75,19.5,20.75,19.6,948
4173,2026-01-12,22.1,21.75,21.8,21.8,128
4174,2026-01-12,26.6,26.1,26.6,26.15,715
4175,2026-01-12,58.4,57.8,58,58.4,14
4183,2026-01-12,16.8,16.5,16.8,16.8,9
4188,2026-01-12,14.5,14.2,14.2,14.3,72
4190,2026-01-12,29.75,29.45,29.7,29.6,56
4192,2026-01-12,24.5,24.15,24.45,24.2,5
4198,2026-01-12,31.5,30,31.5,30.95,19
4205,2026-01-12,81,80.4,80.5,80.7,26
4207,2026-01-12,18.6,18.35,18.45,18.5,236
4303,2026-01-12,62,61.1,61.6,61.3,1001
4304,2026-01-12,32.5,32.45,32.5,32.45,27
4305,2026-01-12,41.9,41.8,41.85,41.85,7
4306,2026-01-12,14.25,14,14.25,14.2,937
4401,2026-01-12,16.5,16.3,16.5,16.35,35
4402,2026-01-12,20.25,19.85,20,20.2,41
4413,2026-01-12,18.3,17.7,18.3,18.3,40
4414,2026-01-12,11.25,10.95,11,11.15,191
4416,2026-01-12,30.6,29.9,30.6,30.1,60
4417,2026-01-12,52.4,51.4,51.4,52.2,95
4419,2026-01-12,46.9,46.9,46.9,46.9,1
4420,2026-01-12,50.4,50.2,50.3,50.4,68
4426,2026-01-12,9.35,9.2,9.32,9.2,145
4430,2026-01-12,17.4,17.3,17.4,17.35,7
4432,2026-01-12,17.2,16.6,16.6,16.8,27
4433,2026-01-12,22,22,22,22,147
4438,2026-01-12,74.2,73,73.4,73.4,98
4439,2026-01-12,104.5,103.5,103.5,104.5,7
4440,2026-01-12,17.35,17.1,17.35,17.2,99
4441,2026-01-12,246.5,243,245,245,54
4442,2026-01-12,59.9,58.8,58.8,59.4,23
4502,2026-01-12,16.05,15.8,16.05,15.9,25
4503,2026-01-12,41.25,40.1,40.8,40.5,318
4506,2026-01-12,118,116,116.5,116.5,169
4510,2026-01-12,40.9,40.3,40.3,40.65,427
4513,2026-01-12,17.3,16.8,17.3,16.85,293
4523,2026-01-12,28.2,27.95,28.05,27.95,199
4526,2026-01-12,32.7,31.8,31.8,32.1,3780
4527,2026-01-12,41.15,40,40,40.8,103
4528,2026-01-12,17,16.75,16.8,16.75,13
4529,2026-01-12,3.5,3.4,3.48,3.42,100
4530,2026-01-12,27.5,27.5,27.5,27.5,10
4532,2026-01-12,24.8,24.35,24.8,24.4,1081
4533,2026-01-12,22.7,22.2,22.3,22.65,1409
4534,2026-01-12,15.15,14.65,15.15,14.75,193
4535,2026-01-12,28.8,28.55,28.6,28.7,17
4536,2026-01-12,162,158,161,161,266
4538,2026-01-12,17.35,17.15,17.35,17.15,11
4540,2026-01-12,36.75,35.65,35.85,35.65,761
4541,2026-01-12,50,45.4,46.2,47.8,17422
4542,2026-01-12,106.5,100.5,105,101.5,1996
4543,2026-01-12,29.1,28.55,29,28.55,308
4545,2026-01-12,39.65,38.35,38.35,38.6,403
4549,2026-01-12,104,102.5,104,103.5,132
4550,2026-01-12,25.3,25.05,25.3,25.05,43
4551,2026-01-12,119.5,118,119,119.5,363
4552,2026-01-12,23.75,23.55,23.6,23.65,70
4554,2026-01-12,28.2,26.8,27.1,27.9,113
4555,2026-01-12,39.4,38.5,39.2,39.2,123
4556,2026-01-12,23.7,23.1,23.25,23.5,26
4557,2026-01-12,80.1,78.8,79,79.3,156
4558,2026-01-12,19.5,19,19.3,19,76
4560,2026-01-12,33.5,31.75,32.45,33.5,536
4561,2026-01-12,32,31.05,31.2,31.3,48
4562,2026-01-12,37.6,36.45,37,36.7,332
4563,2026-01-12,51,49.2,50,49.2,306
4564,2026-01-12,17.65,16.9,17.2,16.95,1305
4566,2026-01-12,57.4,56.1,56.2,56.9,383
4568,2026-01-12,43.7,43.7,43.7,43.7,1
4569,2026-01-12,152,147.5,147.5,149,18
4571,2026-01-12,166,163.5,163.5,166,146
4572,2026-01-12,153,149.5,149.5,152.5,38
4576,2026-01-12,111.5,107,109.5,110.5,845
4577,2026-01-12,54.2,52.1,53.2,52.1,969
4580,2026-01-12,81.3,80.8,81.2,81.2,32
4581,2026-01-12,51.7,51.2,51.2,51.7,19
4583,2026-01-12,700,683,691,700,307
4584,2026-01-12,46.7,45.15,45.9,46.7,12
4585,2026-01-12,356,334,335,351.5,713
4588,2026-01-12,61.9,59.9,61,61.2,86
4609,2026-01-12,6.25,6.25,6.25,6.25,1
4702,2026-01-12,9.45,9.4,9.45,9.42,77
4706,2026-01-12,29.8,29.8,29.8,29.8,1
4707,2026-01-12,10.2,10.1,10.15,10.15,310
4711,2026-01-12,15.45,15.3,15.3,15.35,30
4714,2026-01-12,17.35,16.75,16.75,17.35,2127
4716,2026-01-12,16.05,15.8,15.8,15.95,279
4720,2026-01-12,18,17.35,17.35,17.55,1560
4721,2026-01-12,68.9,67.6,68.3,68.6,396
4722,2026-01-12,168.5,162,165.5,163,1568
4726,2026-01-12,36.55,33.8,36.5,33.9,502
4728,2026-01-12,393.5,393,393,393.5,74
4729,2026-01-12,24.15,23.55,23.8,23.7,681
4735,2026-01-12,32.15,32,32.05,32.15,10
4736,2026-01-12,126,123.5,123.5,125,259
4737,2026-01-12,54.8,53.7,54.3,54.3,172
4739,2026-01-12,73,68.2,68.9,71.3,2002
4741,2026-01-12,23.5,22.55,23,22.55,319
4743,2026-01-12,72.7,68,70,69,12399
4744,2026-01-12,29.5,29.1,29.3,29.1,162
4745,2026-01-12,22.85,22.3,22.8,22.75,100
4746,2026-01-12,60.3,58.2,60.2,58.3,991
4747,2026-01-12,60.3,59.5,59.5,60.3,18
4749,2026-01-12,956,921,935,930,1489
4754,2026-01-12,38.7,38.3,38.5,38.55,29
4755,2026-01-12,113,111,112.5,112.5,223
4760,2026-01-12,178,173.5,173.5,174.5,352
4763,2026-01-12,53.3,52.3,52.8,53,6382
4764,2026-01-12,128,119,128,122.5,4397
4766,2026-01-12,328,320,325,320.5,311
4767,2026-01-12,26.15,25.5,25.75,26.05,15
4768,2026-01-12,428,406.5,425,416,3090
4770,2026-01-12,262,250,251,253.5,1434
4771,2026-01-12,180,177,180,177,64
4772,2026-01-12,396,372,383,376,4908
4804,2026-01-12,7.4,7,7,7.4,46
4806,2026-01-12,10.4,9.75,9.93,10.4,18
4807,2026-01-12,18.55,17.75,18.55,17.95,18
4903,2026-01-12,38.45,36.55,36.85,37.9,2635
4904,2026-01-12,89.6,88.6,89.2,89,2384
4905,2026-01-12,61.4,60.5,60.5,60.5,9
4906,2026-01-12,27.3,26.25,26.3,27.25,2838
4907,2026-01-12,46.5,45.2,46.5,45.95,64
4908,2026-01-12,75.4,74.5,74.6,74.8,171
4909,2026-01-12,62.2,56.9,57,62.2,10557
4911,2026-01-12,43,42.35,43,42.35,7
4912,2026-01-12,95.2,91.3,91.6,91.3,424
4915,2026-01-12,80.3,79.2,80,80,2051
4916,2026-01-12,62.5,58.8,59.1,62,19084
4919,2026-01-12,55,52.5,53.1,55,2961
4923,2026-01-12,28.35,27.7,28.2,27.7,71
4924,2026-01-12,11.15,10.85,10.9,11.15,43
4927,2026-01-12,39.3,38.1,39,38.5,21161
4930,2026-01-12,22,21.75,22,21.9,30
4931,2026-01-12,172.5,154.5,172.5,157.5,12448
4933,2026-01-12,59.1,58.3,58.8,58.8,129
4934,2026-01-12,15.1,14.05,14.05,14.5,1124
4935,2026-01-12,41.1,40.1,40.3,40.7,53
4938,2026-01-12,70.8,69.7,69.8,70.8,8202
4939,2026-01-12,37.6,35.45,35.85,36.7,4288
4942,2026-01-12,39.35,38.75,39.3,39,371
4943,2026-01-12,13.15,12.05,13.15,12.5,33
4946,2026-01-12,105,101.5,102,104.5,33
4949,2026-01-12,38.35,37.3,37.5,38.15,374
4950,2026-01-12,18.85,17.9,18,18.5,38
4951,2026-01-12,65,63.8,63.8,64.6,89
4952,2026-01-12,37,36.2,36.8,36.55,104
4953,2026-01-12,138.5,135.5,138.5,135.5,665
4956,2026-01-12,21,20.2,20.2,20.6,966
4958,2026-01-12,158.5,145.5,145.5,158.5,19882
4960,2026-01-12,14.3,13.4,13.4,13.8,6156
4961,2026-01-12,148.5,145.5,148,147.5,958
4966,2026-01-12,647,621,646,623,1409
4967,2026-01-12,207,197,207,202,19167
4968,2026-01-12,128,125.5,125.5,127.5,824
4971,2026-01-12,319,297,299,309,6034
4972,2026-01-12,18.05,17.9,18.05,18.05,12
4973,2026-01-12,52.9,48.3,49.5,49,14120
4974,2026-01-12,69.9,69.3,69.3,69.8,85
4976,2026-01-12,30.9,30.05,30.05,30.7,653
4977,2026-01-12,131.5,128,129,131,2297
4979,2026-01-12,302,290.5,301,290.5,19164
4987,2026-01-12,81.1,80.8,81.1,81,784
4989,2026-01-12,53.5,50.6,51,51,12331
4991,2026-01-12,235,222.5,222.5,233,1586
4994,2026-01-12,103,101,101.5,101,27
4995,2026-01-12,42.6,41.65,42.6,41.8,61
4999,2026-01-12,23.8,23.55,23.55,23.7,31
5007,2026-01-12,56,55.7,56,55.7,19
5009,2026-01-12,33.25,32.4,32.8,33.2,2904
5011,2026-01-12,10.4,10.1,10.3,10.2,214
5013,2026-01-12,29.8,29.4,29.55,29.8,24
5014,2026-01-12,11.35,10.95,11.35,11.15,759
5015,2026-01-12,27.9,27.2,27.3,27.9,20
5016,2026-01-12,25.6,25.15,25.6,25.55,4
5201,2026-01-12,46.3,44.4,44.4,45.65,199
5202,2026-01-12,16.45,15.9,16,16.25,301
5203,2026-01-12,89.4,88.2,88.2,88.3,96
5205,2026-01-12,32.45,32.45,32.45,32.45,1
5206,2026-01-12,32.6,31.85,32.6,32,73
5209,2026-01-12,184,177,181,178,137
5210,2026-01-12,22.7,22.3,22.5,22.4,75
5211,2026-01-12,27,26.5,26.55,26.95,35
5212,2026-01-12,56.3,55,56.1,55.5,89
5213,2026-01-12,26.5,25.7,26.5,25.9,1325
5215,2026-01-12,35.7,35,35,35.4,60
5220,2026-01-12,17.45,17.1,17.45,17.15,34
5222,2026-01-12,134,130,130.5,132.5,756
5223,2026-01-12,29.6,28.8,29.25,29,76
5225,2026-01-12,102,100.5,101,101,247
5227,2026-01-12,28.3,26.95,27.5,27.2,347
5228,2026-01-12,24.45,22.7,23.3,24.25,2142
5230,2026-01-12,18.3,17.85,17.85,18.3,151
5234,2026-01-12,369.5,355.5,366,356,1515
5236,2026-01-12,121.5,118,118.5,119.5,309
5243,2026-01-12,83.8,79.6,79.9,82.9,4697
5244,2026-01-12,38.5,37.95,38.5,38.2,252
5245,2026-01-12,27.55,26.55,27.1,27.25,231
5251,2026-01-12,34.9,34.25,34.45,34.65,186
5258,2026-01-12,65.1,63,63,64.1,302
5263,2026-01-12,124,115,119.5,120.5,1322
5269,2026-01-12,1480,1380,1480,1380,2903
5272,2026-01-12,20.3,19.4,19.4,19.8,118
5274,2026-01-12,8240,7680,7880,8055,365
5276,2026-01-12,16.2,15.7,15.7,16.2,29
5278,2026-01-12,30.8,30.05,30.2,30.45,245
5283,2026-01-12,60.2,58.9,58.9,60.2,125
5284,2026-01-12,276.5,269,276.5,270.5,1233
5285,2026-01-12,50.3,49.5,49.5,49.8,140
5287,2026-01-12,168.5,166,168.5,167,103
5288,2026-01-12,152,146.5,149.5,149,197
5289,2026-01-12,644,612,633,627,3464
5291,2026-01-12,40.7,40,40.4,40.7,1827
5292,2026-01-12,181,175,175,180,314
5299,2026-01-12,71.5,70.5,70.9,70.9,30
5301,2026-01-12,11.3,10.65,11.05,11.05,30
5302,2026-01-12,12.4,11.5,11.7,12.4,5615
5306,2026-01-12,89.4,88.3,88.5,89,100
5309,2026-01-12,66.6,65.6,66.1,66.6,4549
5310,2026-01-12,28.4,27.5,28,27.55,41
5312,2026-01-12,102.5,100.5,101.5,101,64
5314,2026-01-12,102.5,98.8,98.8,100,8855
5315,2026-01-12,23.65,23.4,23.65,23.55,582
5321,2026-01-12,36.2,35.25,35.8,35.25,127
5324,2026-01-12,10.7,10.45,10.7,10.6,149
5328,2026-01-12,21.95,21.1,21.2,21.2,5860
5340,2026-01-12,72.1,69.4,70.9,69.9,8004
5344,2026-01-12,15,14.5,14.5,14.9,56
5345,2026-01-12,25.2,23.95,25,25.2,18
5347,2026-01-12,119,112,114,119,68874
5348,2026-01-12,17.6,16.7,17.1,17.05,16
5351,2026-01-12,62.3,61,62,62,5767
5353,2026-01-12,26.9,26.4,26.7,26.45,86
5355,2026-01-12,6.75,6.61,6.65,6.75,57
5356,2026-01-12,24.9,24.8,24.8,24.8,46
5364,2026-01-12,14,13.85,14,13.85,90
5371,2026-01-12,91,85.7,86.4,88.9,14417
5381,2026-01-12,25.9,25.3,25.45,25.6,1945
5386,2026-01-12,84.5,82.4,83.5,82.6,776
5388,2026-01-12,80.2,78,78.6,79.9,3363
5392,2026-01-12,47.85,46.8,47,47.3,1416
5398,2026-01-12,23.2,22.3,23.1,23.05,306
5403,2026-01-12,116.5,115,116,115.5,57
5410,2026-01-12,30.7,30.45,30.6,30.7,220
5425,2026-01-12,59.9,59.9,59.9,59.9,4075
5426,2026-01-12,19.45,19.15,19.45,19.3,523
5432,2026-01-12,172,168,172,169,195
5434,2026-01-12,310,303.5,309,304,512
5438,2026-01-12,23.35,22.45,22.5,23.3,611
5439,2026-01-12,320,299,299,320,5362
5443,2026-01-12,99.5,96.1,97.4,97.6,3834
5450,2026-01-12,14.7,14.05,14.5,14.15,116
5452,2026-01-12,28.7,27.45,28.6,27.8,2401
5455,2026-01-12,29.45,28.8,29.3,29.45,9
5457,2026-01-12,40.2,39.1,39.95,39.25,706
5460,2026-01-12,15.1,14.8,15.05,15,92
5464,2026-01-12,26.5,26,26.1,26.3,16
5465,2026-01-12,31.2,29.35,29.75,31,933
5468,2026-01-12,19.35,18.5,19.2,19,310
5469,2026-01-12,98.4,95.5,96.3,97,8891
5471,2026-01-12,33.3,32.75,33,32.75,311
5474,2026-01-12,162,160.5,161.5,161.5,160
5475,2026-01-12,92.8,88.5,91,89,3745
5478,2026-01-12,102.5,100,100,101,252
5481,2026-01-12,23.35,22.6,23.35,22.8,749
5483,2026-01-12,120.5,115.5,116.5,119.5,10426
5484,2026-01-12,41,39.5,41,39.8,246
5487,2026-01-12,30.2,29,29.3,29.4,68
5488,2026-01-12,9.83,9.61,9.8,9.73,419
5489,2026-01-12,41.05,40.35,40.65,41.05,60
5490,2026-01-12,27.2,26.55,26.55,26.95,178
5493,2026-01-12,94.1,91.9,92.2,92.8,225
5498,2026-01-12,53.8,52.2,52.8,53.8,5646
5508,2026-01-12,62,60.2,61.8,60.6,916
5511,2026-01-12,69,67.5,68.5,68.3,639
5512,2026-01-12,8,7.93,8,7.99,557
5515,2026-01-12,40.5,38.9,40.35,39.15,1387
5516,2026-01-12,15.25,14.2,14.25,15.25,369
5519,2026-01-12,33.45,31.95,33.15,32.2,1026
5520,2026-01-12,89.5,89.5,89.5,89.5,3
5521,2026-01-12,25.3,23.4,24.25,24.55,24515
5522,2026-01-12,75.4,72.8,75.2,72.9,1504
5523,2026-01-12,30.25,30,30.1,30.25,95
5525,2026-01-12,27.9,27,27.9,27.15,192
5529,2026-01-12,29.7,28.85,28.85,29.7,103
5530,2026-01-12,47.7,47.2,47.2,47.5,150
5531,2026-01-12,9.04,9.02,9.02,9.02,1068
5533,2026-01-12,14.3,14.2,14.25,14.25,154
5534,2026-01-12,86.5,84.5,86.1,84.6,719
5536,2026-01-12,825,780,796,791,3007
5538,2026-01-12,33.5,32.9,32.9,33.2,33
5543,2026-01-12,36.85,34.25,35,35.4,160
5546,2026-01-12,23.4,22.8,23,23.25,61
5548,2026-01-12,25,24,24.25,24.05,34
5601,2026-01-12,36.9,36.9,36.9,36.9,7
5603,2026-01-12,18.95,18.75,18.95,18.8,112
5604,2026-01-12,37.25,37.1,37.1,37.2,9
5607,2026-01-12,50.2,49.25,49.4,49.55,704
5608,2026-01-12,18.15,17.75,18.1,18,1766
5609,2026-01-12,80.2,79.8,80.1,80.2,101
5701,2026-01-12,4.05,3.9,3.97,3.95,97
5703,2026-01-12,14.65,14.65,14.65,14.65,2
5704,2026-01-12,26.6,26.25,26.25,26.35,15
5706,2026-01-12,51.1,50.4,51,50.5,121
5864,2026-01-12,17.8,17.3,17.8,17.5,2159
5871,2026-01-12,105.5,103.5,105,104,5800
5876,2026-01-12,40.6,40,40.6,40.1,11116
5878,2026-01-12,41.2,40.9,41.2,40.9,16
5880,2026-01-12,24.2,23.95,24.15,23.95,14572
5902,2026-01-12,41.6,39.9,41.3,41.6,116
5903,2026-01-12,191,190,191,190.5,100
5904,2026-01-12,442,438.5,438.5,440,63
5905,2026-01-12,9.03,8.94,8.95,8.98,824
5907,2026-01-12,5.59,5.49,5.57,5.52,96
6005,2026-01-12,27.05,26.55,27,26.65,7284
6015,2026-01-12,12.8,12.2,12.6,12.3,3183
6016,2026-01-12,15.45,14.8,15.45,15.05,10283
6020,2026-01-12,19.65,19.4,19.65,19.4,19
6021,2026-01-12,27.85,27.3,27.65,27.5,285
6023,2026-01-12,96.7,96.1,96.3,96.4,114
6024,2026-01-12,52.5,51.7,52.2,51.8,282
6026,2026-01-12,14.3,14.05,14.3,14.05,1940
6101,2026-01-12,36.55,36.2,36.55,36.5,30
6104,2026-01-12,110.5,103,103.5,108.5,11708
6108,2026-01-12,15.25,14.35,14.4,15.15,1515
6109,2026-01-12,11.9,11.7,11.8,11.75,95
6111,2026-01-12,49.75,47.4,47.45,49.35,731
6112,2026-01-12,47.85,46.75,46.75,47.45,417
6113,2026-01-12,24.9,23.15,24.2,23.15,4536
6114,2026-01-12,31.2,30.4,30.8,30.6,74
6115,2026-01-12,46.85,46.8,46.85,46.8,58
6116,2026-01-12,10.7,9.86,10.1,10.65,44623
6117,2026-01-12,82.8,81.1,82.2,81.7,477
6118,2026-01-12,19.55,18.85,18.85,19.4,346
6120,2026-01-12,13.4,12.55,12.6,13.25,4463
6121,2026-01-12,367,360.5,365.5,361,652
6122,2026-01-12,53.7,53.1,53.6,53.3,450
6123,2026-01-12,46.05,45.75,46.05,45.85,109
6124,2026-01-12,28.85,28,28.35,28,59
6125,2026-01-12,72,70.5,70.7,70.8,1402
6126,2026-01-12,37,35,35,35.6,6109
6127,2026-01-12,38.9,37.7,38.3,38,9681
6128,2026-01-12,22.75,22,22.05,22.5,188
6129,2026-01-12,15.1,14.6,14.6,14.9,467
6130,2026-01-12,45.5,43.05,45.2,43.05,344
6133,2026-01-12,22.1,21.3,22,21.4,3445
6134,2026-01-12,29.65,27.85,28.35,29.5,4141
6136,2026-01-12,24,23.8,23.9,23.85,169
6138,2026-01-12,223,216.5,217,222.5,265
6139,2026-01-12,616,574,609,579,10232
6140,2026-01-12,25.65,25,25.45,25.35,221
6141,2026-01-12,12.35,11.95,12.2,12.1,497
6142,2026-01-12,9.17,9.06,9.08,9.1,517
6143,2026-01-12,112,110,111,111.5,661
6144,2026-01-12,19.45,18.5,19.1,18.55,26
6146,2026-01-12,169.5,165,168.5,168.5,540
6147,2026-01-12,55.5,54.7,54.7,55.3,4205
6148,2026-01-12,39.4,38.6,38.6,39.1,156
6150,2026-01-12,67.5,65.9,67,65.9,195
6151,2026-01-12,31.7,30.7,30.7,31,298
6152,2026-01-12,11.15,10.25,10.4,11.05,1581
6153,2026-01-12,15.8,15.2,15.25,15.65,4628
6154,2026-01-12,14.7,13.35,14.25,13.4,397
6155,2026-01-12,50.7,48.4,49,48.8,13318
6156,2026-01-12,23,22.25,22.45,22.7,905
6158,2026-01-12,21.9,21.4,21.65,21.55,45
6160,2026-01-12,17.45,17.3,17.3,17.3,60
6161,2026-01-12,45.45,43.8,45.45,44.25,697
6163,2026-01-12,65.6,61,62.7,65.6,23918
6164,2026-01-12,12.4,11.95,11.95,12.35,468
6165,2026-01-12,47.1,45.5,47.1,45.55,671
6166,2026-01-12,61.4,60.7,60.8,61.1,475
6167,2026-01-12,13,12.4,12.7,12.95,1073
6168,2026-01-12,20.45,19.8,19.8,20.25,459
6169,2026-01-12,19.35,19.1,19.35,19.25,17
6170,2026-01-12,50,49.45,49.45,49.8,293
6171,2026-01-12,28.25,28.1,28.15,28.1,31
6173,2026-01-12,69.5,65.9,66.4,67.2,6814
6174,2026-01-12,21.1,20.8,21.1,20.95,52
6175,2026-01-12,54.7,53.2,53.6,53.4,2896
6176,2026-01-12,124.5,121.5,124,124,1594
6177,2026-01-12,54.1,52.4,54.1,53,1970
6179,2026-01-12,32.1,29.95,30,31.8,3929
6180,2026-01-12,52.4,50.2,50.2,52.4,945
6182,2026-01-12,36,33.6,33.6,35.85,25152
6183,2026-01-12,96.5,95.2,95.2,96,36
6184,2026-01-12,47.45,47,47.3,47.15,84
6185,2026-01-12,15.05,14.9,14.95,14.9,79
6186,2026-01-12,51.9,50.1,51.9,50.7,1019
6187,2026-01-12,388,372,380,380,2565
6188,2026-01-12,115.5,113.5,115.5,114.5,3049
6189,2026-01-12,44.7,44.1,44.35,44.45,391
6190,2026-01-12,51.6,48.05,48.5,49.9,29047
6191,2026-01-12,116.5,113.5,114,116.5,11102
6192,2026-01-12,115.5,112.5,113,115,748
6194,2026-01-12,35,34,34.4,34.15,97
6195,2026-01-12,25.45,25.25,25.45,25.35,45
6196,2026-01-12,280,266,278.5,272.5,2682
6197,2026-01-12,153.5,148,152,149,1645
6198,2026-01-12,27.35,27,27.1,27.05,55
6199,2026-01-12,115,106,107.5,115,1333
6201,2026-01-12,55.5,55.3,55.5,55.5,37
6202,2026-01-12,38.7,38.2,38.65,38.65,432
6203,2026-01-12,69.3,67.3,69.3,68.6,402
6204,2026-01-12,83.4,80,80,83.1,405
6205,2026-01-12,61.7,59.8,60.1,61.5,721
6206,2026-01-12,94.5,91.9,91.9,94.3,1007
6207,2026-01-12,50.9,49.1,49.55,50.5,1254
6208,2026-01-12,46.5,44.5,45.4,45.05,51
6209,2026-01-12,61.1,58.8,59,59.5,4176
6210,2026-01-12,20.9,20.4,20.9,20.9,80
6212,2026-01-12,40.3,40,40.3,40,10
6213,2026-01-12,117.5,115,115.5,117,6056
6214,2026-01-12,119,117.5,117.5,118.5,953
6215,2026-01-12,110,106.5,108.5,108,1505
6216,2026-01-12,26.5,26.15,26.2,26.45,206
6217,2026-01-12,53,51.2,51.3,52.4,6125
6218,2026-01-12,25.8,24.15,24.75,25.15,481
6219,2026-01-12,20.9,19.15,20.85,19.2,939
6220,2026-01-12,25.95,25.3,25.55,25.35,114
6221,2026-01-12,29,28.6,29,28.75,488
6222,2026-01-12,18.95,18.45,18.85,18.9,103
6223,2026-01-12,2320,2155,2305,2200,1998
6224,2026-01-12,42.35,41.05,42.35,41.6,475
6225,2026-01-12,17,16.1,17,17,4
6226,2026-01-12,7.69,7.36,7.45,7.54,356
6227,2026-01-12,90.2,83.8,85.1,87.8,955
6228,2026-01-12,26.45,26,26.3,26.45,27
6229,2026-01-12,24.3,22.55,22.55,23.9,637
6230,2026-01-12,120,115,115,118,133
6231,2026-01-12,220,211.5,218.5,212,528
6233,2026-01-12,24,23.35,23.4,23.8,444
6234,2026-01-12,28.85,28.05,28.45,28.35,1480
6235,2026-01-12,63.5,62.6,62.7,63.1,581
6236,2026-01-12,21.55,19.4,19.4,21.55,2
6237,2026-01-12,42,40.45,42,40.8,265
6239,2026-01-12,220,206.5,210.5,220,26147
6240,2026-01-12,20.05,18.9,19.55,18.95,10
6241,2026-01-12,14,13.05,13.5,13.95,258
6242,2026-01-12,39.4,38.4,38.4,39.25,18
6243,2026-01-12,35.8,34,35,35.1,231
6244,2026-01-12,23.2,21.25,21.6,22.35,16793
6245,2026-01-12,68.1,66.5,67,68,467
6246,2026-01-12,13.5,13.25,13.25,13.5,110
6248,2026-01-12,21.35,20.95,21.15,21.25,214
6257,2026-01-12,121.5,118,119,119.5,14028
6259,2026-01-12,18.25,17.65,18.25,17.65,161
6261,2026-01-12,72.9,70.9,72.7,71.5,825
6263,2026-01-12,131,129.5,130.5,129.5,61
6264,2026-01-12,7.14,7.03,7.14,7.1,71
6265,2026-01-12,37.95,37.95,37.95,37.95,2216
6266,2026-01-12,30,29.35,29.85,29.5,261
6269,2026-01-12,60.4,57,57,60,2421
6270,2026-01-12,26.3,25.1,25.1,25.75,1873
6271,2026-01-12,127.5,121.5,123,126.5,2982
6272,2026-01-12,43.25,41.55,41.55,42.05,849
6274,2026-01-12,478,467.5,475,475.5,4848
6275,2026-01-12,53.3,50.8,52.1,51,1538
6276,2026-01-12,39.75,39.05,39.7,39.2,38
6277,2026-01-12,62.1,60.9,60.9,61.3,159
6278,2026-01-12,96.5,95.7,96.3,96.2,887
6279,2026-01-12,124.5,122.5,124.5,123,399
6281,2026-01-12,62.6,62.3,62.3,62.5,58
6282,2026-01-12,50.1,48.05,48.1,48.75,153117
6283,2026-01-12,24.75,24.4,24.55,24.5,209
6284,2026-01-12,84.7,82.7,83.2,82.7,906
6285,2026-01-12,112.5,104,105,111,18297
6290,2026-01-12,171.5,166.5,169.5,167.5,4993
6291,2026-01-12,188,182,183,185,344
6292,2026-01-12,40.9,40.35,40.5,40.65,49
6294,2026-01-12,45.6,45,45.4,45.1,77
6405,2026-01-12,32.45,30,30,31.7,1547
6409,2026-01-12,1030,1000,1030,1005,438
6411,2026-01-12,76.5,74.5,74.5,75.2,293
6412,2026-01-12,81.8,80.3,81.8,81,2029
6414,2026-01-12,293.5,288.5,291.5,293.5,738
6415,2026-01-12,238,228,236,236,13513
6416,2026-01-12,88.6,87,88,87.8,206
6417,2026-01-12,109.5,108,109.5,109,122
6418,2026-01-12,44.15,41.8,41.8,42.65,359
6419,2026-01-12,86,79.8,85.5,83.6,481
6423,2026-01-12,82.9,80.8,80.8,80.8,41
6425,2026-01-12,85.2,81.7,83.8,81.7,462
6426,2026-01-12,92,89.5,90,92,605
6431,2026-01-12,30.25,27.55,27.75,29.9,838
6432,2026-01-12,35.4,33.65,33.65,34.15,380
6435,2026-01-12,118,116,118,117,194
6438,2026-01-12,140,137,137,140,407
6441,2026-01-12,22.35,21.5,21.55,21.95,42
6442,2026-01-12,1450,1355,1390,1415,5507
6443,2026-01-12,34.8,32.05,32.05,34.8,61449
6446,2026-01-12,523,514,518,517,1475
6449,2026-01-12,175,167.5,169,170,586
6451,2026-01-12,155.5,153,155.5,154,456
6456,2026-01-12,42.95,41.9,42.35,42.9,783
6461,2026-01-12,20.85,19.6,20.1,20.05,938
6462,2026-01-12,118.5,116,118.5,117.5,848
6464,2026-01-12,77,76.5,76.5,77,6
6465,2026-01-12,41.45,38.4,38.4,41.45,1655
6469,2026-01-12,92.3,91,91,92.2,399
6470,2026-01-12,41.65,40.2,41.65,40.95,377
6472,2026-01-12,516,502,515,505,725
6474,2026-01-12,37.4,35.35,35.5,36.95,176
6477,2026-01-12,36.65,34.65,35,35.55,2034
6482,2026-01-12,39.25,39,39,39.2,7
6485,2026-01-12,103.5,96.2,101.5,100.5,6643
6486,2026-01-12,85.5,83.8,83.8,84.6,349
6488,2026-01-12,472,439.5,441,472,8909
6491,2026-01-12,288,285.5,288,287,149
6492,2026-01-12,44.1,43.1,43.7,43.3,148
6494,2026-01-12,35.5,35.1,35.35,35.1,55
6496,2026-01-12,29.6,28.9,29,29.6,42
6498,2026-01-12,88.9,87.4,87.4,88.9,22
6499,2026-01-12,96.6,94.2,94.2,94.2,433
6504,2026-01-12,42,41.35,41.65,41.35,32
6505,2026-01-12,48.75,47.95,48.2,48.55,3676
6506,2026-01-12,15.7,15.6,15.7,15.65,53
6508,2026-01-12,23.65,23.4,23.65,23.5,31
6509,2026-01-12,33.7,32.9,32.9,33.5,367
6510,2026-01-12,2230,2125,2230,2175,505
6512,2026-01-12,20.4,20.25,20.4,20.25,17
6515,2026-01-12,3580,3425,3510,3470,1037
6516,2026-01-12,67.5,65.1,66.3,65.2,237
6517,2026-01-12,70.9,63.5,63.5,70.9,2143
6523,2026-01-12,119,117.5,117.5,118,16
6525,2026-01-12,77.3,75.5,75.5,77.2,326
6526,2026-01-12,441.5,434.5,440,435.5,191
6527,2026-01-12,78.6,78.5,78.5,78.6,15
6530,2026-01-12,59.7,59,59,59.2,199
6531,2026-01-12,489,460.5,489,472,5508
6532,2026-01-12,57.6,56,56,57.4,99
6533,2026-01-12,250,246,250,246.5,234
6534,2026-01-12,90.8,89,90,90.1,56
6535,2026-01-12,187,181.5,186,182.5,183
6538,2026-01-12,66.9,64.3,64.3,66.7,101
6541,2026-01-12,51.7,50.1,51,51,1209
6542,2026-01-12,49.5,47.4,49,47.95,8
6546,2026-01-12,64.1,62.3,62.3,63.7,406
6547,2026-01-12,37.1,36.6,37.05,36.65,684
6548,2026-01-12,49.4,46.9,47.55,48.45,10030
6550,2026-01-12,30.95,30.3,30.4,30.95,812
6552,2026-01-12,26.3,25.45,26.3,25.8,146
6556,2026-01-12,70.9,69.7,70.9,70.5,4
6558,2026-01-12,36.9,36.25,36.9,36.7,465
6560,2026-01-12,42.5,41.6,41.7,42,116
6561,2026-01-12,357,353,355.5,353,100
6568,2026-01-12,140.5,130,131,138,2077
6569,2026-01-12,112,108.5,109,112,40
6570,2026-01-12,39.45,38.3,38.55,39.4,162
6573,2026-01-12,15.5,14.95,14.95,15.25,285
6574,2026-01-12,66.5,66.5,66.5,66.5,2
6576,2026-01-12,80.7,79.5,79.5,80.4,209
6577,2026-01-12,70.5,69.2,69.2,70.1,32
6578,2026-01-12,20.1,19.75,20,19.85,122
6579,2026-01-12,114,112,112,113,78
6581,2026-01-12,107,105,106,106.5,15
6582,2026-01-12,32,31.55,31.55,31.75,39
6584,2026-01-12,324,317,320,320,604
6585,2026-01-12,90.1,87.8,88,89.1,93
6588,2026-01-12,49.95,47.85,48.1,49.75,582
6589,2026-01-12,64.9,63.4,63.5,63.7,556
6590,2026-01-12,74,72.6,73.5,72.6,32
6591,2026-01-12,74.9,73.8,73.8,74.5,368
6592,2026-01-12,61,59,60.3,60.1,1801
6593,2026-01-12,37.6,37.05,37.15,37.5,56
6596,2026-01-12,145,142.5,143,142.5,372
6597,2026-01-12,54.2,53,54.2,53.2,32
6598,2026-01-12,25.45,24.25,24.8,24.25,822
6603,2026-01-12,35.95,32.8,33.8,34.35,26475
6605,2026-01-12,141.5,137,141,139.5,421
6606,2026-01-12,25.45,25.25,25.3,25.4,37
6609,2026-01-12,37.1,36.8,36.85,37.1,152
6612,2026-01-12,75.2,72.8,73.3,75,47
6613,2026-01-12,195,188.5,195,192.5,505
6614,2026-01-12,51.1,49.1,49.2,49.75,269
6615,2026-01-12,30.75,30,30,30.6,8
6616,2026-01-12,10.7,10.3,10.5,10.45,94
6617,2026-01-12,81.5,78.1,79.9,81.4,213
6620,2026-01-12,86.5,84.8,85.5,85.6,270
6624,2026-01-12,60.5,59.2,59.2,60.1,167
6625,2026-01-12,83.4,81.9,82,83,242
6629,2026-01-12,118,108,118,118,397
6637,2026-01-12,82.1,80.6,82.1,80.6,62
6640,2026-01-12,810,755,790,805,1290
6641,2026-01-12,21.35,19.5,19.5,21.35,238
6642,2026-01-12,53.3,52,52.7,52.8,73
6643,2026-01-12,443.5,429.5,434.5,435,658
6645,2026-01-12,18.35,17.95,18.35,18,21
6649,2026-01-12,48,47.35,47.6,47.65,54
6651,2026-01-12,81.3,79.3,79.3,80.3,60
6654,2026-01-12,88.4,87,87,88.2,63
6655,2026-01-12,118,117,118,118,12
6657,2026-01-12,43.3,41.85,42.1,41.85,224
6658,2026-01-12,56.9,55.5,55.6,56.6,315
6661,2026-01-12,18.8,18.55,18.75,18.7,11
6662,2026-01-12,31,30.1,30.1,31,8
6664,2026-01-12,303.5,294.5,301.5,295,567
6666,2026-01-12,47,45.95,45.95,46.4,18
6667,2026-01-12,277.5,263,264,267,1493
6668,2026-01-12,41.85,40,40.5,41.3,2994
6669,2026-01-12,4305,4095,4300,4095,2586
6670,2026-01-12,272.5,264.5,265,272,868
6671,2026-01-12,37,36.9,36.95,36.9,9
6672,2026-01-12,94.8,91,92.2,93.4,1318
6674,2026-01-12,20.3,19.75,19.75,20,29
6679,2026-01-12,180.5,173,173.5,177,127
6680,2026-01-12,62.3,60.2,60.2,62,8
6683,2026-01-12,401,390,397,391.5,366
6684,2026-01-12,50.8,48.85,49,50.2,320
6689,2026-01-12,61.2,60,60.5,61.2,169
6690,2026-01-12,170,167.5,170,168,62
6691,2026-01-12,618,584,608,593,1686
6692,2026-01-12,33,30.25,33,30.75,214
6693,2026-01-12,83.4,80.7,81.6,83.1,360
6695,2026-01-12,45.15,43.9,43.9,44.25,317
6697,2026-01-12,47.45,46.5,46.5,46.65,18
6698,2026-01-12,34.55,33.25,34.5,33.5,392
6703,2026-01-12,105.5,104.5,105.5,105,44
6706,2026-01-12,123,118.5,121.5,119,3106
6708,2026-01-12,42,41.15,41.2,41.5,18
6712,2026-01-12,161.5,160,161.5,161.5,142
6715,2026-01-12,105.5,102,105.5,103,78
6716,2026-01-12,47.8,47.05,47.05,47.4,27
6719,2026-01-12,186,181.5,181.5,183.5,290
6720,2026-01-12,119.5,116,119,118,126
6721,2026-01-12,61,60.9,61,61,5
6725,2026-01-12,258,244,244.5,255,750
6727,2026-01-12,181.5,175.5,175.5,180,566
6728,2026-01-12,142,139,140,140.5,65
6730,2026-01-12,36.75,35.8,36.75,35.8,45
6732,2026-01-12,178,173,177,175,121
6733,2026-01-12,38.7,38.2,38.5,38.5,206
6735,2026-01-12,57.5,54,54.1,56,245
6739,2026-01-12,730,711,722,713,153
6741,2026-01-12,73.8,72.2,73.3,72.3,344
6742,2026-01-12,46.05,45.15,45.9,45.25,131
6743,2026-01-12,27.55,27.2,27.45,27.2,95
6751,2026-01-12,55,54.2,54.9,54.6,32
6752,2026-01-12,124,122.5,124,123,42
6753,2026-01-12,141.5,132,133.5,138,2733
6754,2026-01-12,47.75,47.6,47.65,47.65,8
6756,2026-01-12,81.8,80.9,81.7,81.4,77
6757,2026-01-12,66.6,65.6,66.6,66.1,1102
6761,2026-01-12,139.5,135.5,135.5,137,331
6762,2026-01-12,187,172,187,175,10
6763,2026-01-12,57.9,56.7,57.5,56.7,659
6767,2026-01-12,27.75,27.05,27.05,27.7,13
6768,2026-01-12,107,104,105,107,549
6770,2026-01-12,50,48,49,49.8,70068
6771,2026-01-12,45.2,44.45,45.2,45,17
6776,2026-01-12,58.8,57.6,58.8,58,1458
6781,2026-01-12,1300,1250,1285,1300,1051
6782,2026-01-12,178,174.5,178,175,151
6785,2026-01-12,286,276,286,279.5,116
6788,2026-01-12,361.5,335.5,354,353.5,2237
6789,2026-01-12,277,268,277,268.5,1816
6790,2026-01-12,38.5,38.35,38.35,38.4,77
6791,2026-01-12,113.5,108.5,110,113.5,95
6792,2026-01-12,52.4,51,51,51.3,53
6794,2026-01-12,89.6,86,89.6,88.6,93
6796,2026-01-12,93.2,91.1,93.2,91.8,41
6799,2026-01-12,86.7,84.4,84.9,85.5,357
6803,2026-01-12,306,302,303.5,305,187
6804,2026-01-12,17,16.8,16.85,16.85,22
6805,2026-01-12,1400,1320,1390,1330,2225
6806,2026-01-12,40.4,38.65,38.75,40.05,1953
6807,2026-01-12,46.1,45.35,46,45.35,12
6811,2026-01-12,214.5,211.5,211.5,213,93
6821,2026-01-12,36.6,36.15,36.6,36.15,13
6823,2026-01-12,74,71.6,72,73.5,94
6829,2026-01-12,118,115.5,117,115.5,995
6830,2026-01-12,192,183,185,189,1387
6831,2026-01-12,276,269,273.5,269,841
6834,2026-01-12,32.8,30.8,31.3,32.8,1618
6835,2026-01-12,39.15,38.4,38.85,38.6,107
6838,2026-01-12,27.25,26.6,27.1,26.7,319
6840,2026-01-12,62.2,60.8,61.7,61.6,82
6841,2026-01-12,68.8,67.2,67.4,68.6,440
6843,2026-01-12,54.3,51.8,52,52.2,120
6844,2026-01-12,73,71.7,71.7,73,5
6846,2026-01-12,75.4,74.4,75.4,74.6,10
6854,2026-01-12,128,121.5,127,123,506
6855,2026-01-12,112.5,109,109,110,6
6856,2026-01-12,55.5,55.2,55.5,55.2,2
6859,2026-01-12,115,112,112,113.5,36
6861,2026-01-12,67,65.4,67,65.7,240
6862,2026-01-12,176,166,166,169,382
6863,2026-01-12,130,123.5,123.5,130,236
6865,2026-01-12,49.15,49.15,49.15,49.15,1
6869,2026-01-12,93.2,91.2,91.5,92.7,848
6870,2026-01-12,233,219.5,233,219.5,107
6872,2026-01-12,20.95,19.7,20.05,20.6,152
6873,2026-01-12,99.7,96.5,96.5,99.4,487
6874,2026-01-12,68.4,67.4,67.4,67.6,38
6875,2026-01-12,51.5,48.4,50.1,50,278
6877,2026-01-12,89.8,86.3,89.8,87.4,194
6881,2026-01-12,229,228.5,229,229,11
6884,2026-01-12,37.7,36.9,37.6,37.3,55
6885,2026-01-12,28.7,28.2,28.5,28.35,206
6887,2026-01-12,63.5,59.3,60.4,61,52
6890,2026-01-12,261,248,252.5,255.5,883
6894,2026-01-12,236,224,224,236,230
6895,2026-01-12,198,183,198,189.5,233
6899,2026-01-12,54.2,53.3,54.2,53.3,4
6901,2026-01-12,17.1,16.65,17,16.9,647
6902,2026-01-12,75.5,73.8,75.5,74.8,23
6903,2026-01-12,251.5,240,245,251.5,2383
6906,2026-01-12,74,71,73.2,73,109
6909,2026-01-12,47.55,44,45.4,47.55,1498
6910,2026-01-12,36.3,35.25,35.5,35.35,181
6913,2026-01-12,119,116,117.5,118,195
6914,2026-01-12,147.5,145,145.5,145,102
6916,2026-01-12,18.35,17.85,18.35,18,117
6918,2026-01-12,84,83.2,84,83.3,40
6919,2026-01-12,149.5,147,148.5,147.5,2034
6921,2026-01-12,63.8,60,63.8,61,53
6922,2026-01-12,163,161.5,161.5,161.5,30
6923,2026-01-12,106,101.5,101.5,104,833
6924,2026-01-12,77.1,76.1,77.1,76.1,27
6925,2026-01-12,90.6,87.5,87.5,89.5,66
6928,2026-01-12,52.9,50.1,50.9,52.7,230
6929,2026-01-12,31.25,31.2,31.25,31.2,3
6931,2026-01-12,61.7,60.1,61.7,60.2,112
6933,2026-01-12,157,150,150,152.5,246
6936,2026-01-12,35.9,35.65,35.9,35.7,62
6937,2026-01-12,244.5,236,243,237.5,531
6944,2026-01-12,774,726,753,740,1182
6949,2026-01-12,336,327,332,327,80
6951,2026-01-12,79,73.9,73.9,78.4,275
6952,2026-01-12,43.65,43,43.05,43.05,38
6953,2026-01-12,260,254,257,260,415
6955,2026-01-12,163,162.5,162.5,163,2
6957,2026-01-12,201,190,194.5,191.5,285
6958,2026-01-12,15.4,15,15.4,15.05,162
6962,2026-01-12,38.2,37.5,37.8,38.2,1795
6965,2026-01-12,88.5,87,88.5,87.2,97
6967,2026-01-12,77.5,72.8,77.5,74.2,603
6968,2026-01-12,55.5,53.7,53.7,54.4,25
6969,2026-01-12,32.7,32.7,32.7,32.7,28
6971,2026-01-12,29.9,29.2,29.2,29.9,49
6982,2026-01-12,68,65.2,68,66.4,107
6988,2026-01-12,16.95,14.8,14.8,16.45,89
6994,2026-01-12,101,92,100,92.6,1265
6996,2026-01-12,162,159,161,159.5,209
6997,2026-01-12,89.9,88.9,88.9,89.9,4
7402,2026-01-12,141,131.5,132,137.5,3191
7547,2026-01-12,57.6,57,57,57.5,9
7556,2026-01-12,167.5,162,167.5,165,55
7584,2026-01-12,40.95,40.5,40.95,40.85,6
7610,2026-01-12,183.5,161,171,183.5,2123
7631,2026-01-12,148.5,135,148,135,184
7642,2026-01-12,80.5,78.8,80.4,79,37
7703,2026-01-12,240.5,225,237,239.5,891
7704,2026-01-12,47,45,45,47,80
7705,2026-01-12,40.15,39.6,39.85,39.95,64
7708,2026-01-12,95.2,95,95,95.2,14
7709,2026-01-12,39.3,38,39,38.35,26
7711,2026-01-12,262,257,262,258,227
7712,2026-01-12,83.6,81.6,82.5,82.5,218
7713,2026-01-12,71,70.1,71,70.7,4
7714,2026-01-12,171,164.5,164.5,168.5,390
7715,2026-01-12,33.1,30.8,30.8,33.1,417
7716,2026-01-12,25.3,25.25,25.3,25.3,8
7717,2026-01-12,411,392.5,392.5,411,327
7718,2026-01-12,44.6,43.9,44,44.35,17
7721,2026-01-12,48.8,48.05,48.25,48.1,51
7722,2026-01-12,554,547,554,548,20
7723,2026-01-12,33.25,32.5,33.25,32.85,114
7728,2026-01-12,658,625,640,658,68
7730,2026-01-12,101,97,97,98.5,56
7732,2026-01-12,40.2,40,40.2,40.2,44
7734,2026-01-12,1010,980,1000,1000,47
7736,2026-01-12,86.5,84.9,86.3,85.8,59
7738,2026-01-12,184,177,183,177,115
7740,2026-01-12,160,155,155,159.5,95
7743,2026-01-12,21.7,20.45,21.7,20.65,16
7744,2026-01-12,340,326,331,340,133
7747,2026-01-12,121,119,121,119,4
7749,2026-01-12,462,444,459,444,240
7750,2026-01-12,893,872,873,887,312
7751,2026-01-12,795,722,729,795,900
7753,2026-01-12,42.9,42.15,42.2,42.9,12
7757,2026-01-12,119,115,115,118,35
7765,2026-01-12,278,271,276,271.5,82
7767,2026-01-12,48,47.65,48,47.65,32
7769,2026-01-12,3445,3295,3305,3445,1491
7770,2026-01-12,57.9,57,57.6,57.1,66
7777,2026-01-12,25.2,24.6,24.6,24.75,485
7782,2026-01-12,29.1,28.5,29,29,15
7786,2026-01-12,172.5,165,167,168,791
7788,2026-01-12,140,132,137.5,140,349
7791,2026-01-12,72,71.5,72,72,17
7799,2026-01-12,411,379,382,399.5,814
7805,2026-01-12,668,651,668,651,175
7810,2026-01-12,285,273,273,285,315
8011,2026-01-12,22.4,21.45,21.5,22.05,2542
8016,2026-01-12,189.5,186.5,189,189.5,824
8021,2026-01-12,228,214,218.5,218,33480
8024,2026-01-12,12.45,12,12,12.25,57
8027,2026-01-12,110.5,105,105.5,108,3319
8028,2026-01-12,195,189.5,194,192.5,6220
8032,2026-01-12,38.35,37.4,37.4,38.05,127
8033,2026-01-12,162,148,150,156.5,20306
8034,2026-01-12,24.7,24.4,24.4,24.45,523
8038,2026-01-12,61.1,56.8,61,58.2,6477
8039,2026-01-12,85.8,83.6,85.5,85.1,7163
8040,2026-01-12,49.8,48.9,49,49.15,82
8042,2026-01-12,67.1,62.5,64.5,62.9,26989
8043,2026-01-12,91.1,85.8,90.5,86.2,25712
8044,2026-01-12,30.4,29.9,30.2,30.2,591
8045,2026-01-12,77,74.7,75.1,75,157
8046,2026-01-12,260.5,243,244.5,254.5,16345
8047,2026-01-12,50.4,49.05,49.75,49.05,177
8048,2026-01-12,55.5,51.5,55.5,52,1648
8049,2026-01-12,27.3,26.7,27.2,27.15,435
8050,2026-01-12,43.15,42.4,42.4,42.8,398
8054,2026-01-12,124.5,121,123,121,1723
8059,2026-01-12,24.85,23,24.5,24.6,3182
8064,2026-01-12,50.8,49.85,50.2,50.8,9177
8066,2026-01-12,19.7,19.6,19.6,19.7,10
8067,2026-01-12,15.3,14.85,15.25,15.15,12
8068,2026-01-12,27.2,25.6,26.1,26.7,540
8069,2026-01-12,177.5,171,172,177.5,5632
8070,2026-01-12,47.45,45.9,46.1,47.15,6935
8071,2026-01-12,17.95,17.6,17.6,17.7,214
8072,2026-01-12,31.1,30.4,30.65,30.75,180
8074,2026-01-12,59.5,55.5,57,56,56765
8076,2026-01-12,23.75,23.2,23.2,23.75,375
8077,2026-01-12,44.4,43.95,43.95,44.4,2
8080,2026-01-12,35.95,35.95,35.95,35.95,161
8081,2026-01-12,216.5,214,215,215,320
8083,2026-01-12,160.5,158.5,159,159.5,92
8084,2026-01-12,61.2,58.8,61.1,60.8,208
8085,2026-01-12,16.15,15.75,15.8,15.75,486
8086,2026-01-12,117,111,112,115,5091
8087,2026-01-12,31.8,30,31.2,30.6,39
8088,2026-01-12,55,52,54,53,21354
8089,2026-01-12,29.45,28.4,28.5,29.35,581
8091,2026-01-12,123,120,121.5,121,330
8092,2026-01-12,13.9,13.55,13.8,13.8,103
8093,2026-01-12,22.95,20.65,22.95,20.8,77
8096,2026-01-12,54.6,52.5,54,53.1,6760
8097,2026-01-12,61,59.1,59.9,59.1,94
8099,2026-01-12,75.5,73.1,74.2,73.1,139
8101,2026-01-12,16.45,15.85,16.2,15.9,21
8102,2026-01-12,62.5,58.1,58.3,62.1,39
8103,2026-01-12,97.6,93.3,96.1,96,3196
8104,2026-01-12,33,31.45,31.8,32.4,855
8105,2026-01-12,15.2,14.25,14.7,14.5,18957
8107,2026-01-12,14,13.85,13.9,13.95,96
8109,2026-01-12,110,105.5,109,106.5,785
8110,2026-01-12,76.5,73.4,75.7,74.8,71934
8111,2026-01-12,71.7,69.1,71.5,69.2,2957
8112,2026-01-12,81.9,78,80,79,44268
8114,2026-01-12,195,181.5,183.5,191,2391
8121,2026-01-12,30.25,29.15,29.15,29.7,1072
8131,2026-01-12,68.6,65.6,67,66.5,16914
8147,2026-01-12,109,105.5,105.5,107,115
8150,2026-01-12,63.3,59,62,59.2,175701
8155,2026-01-12,193,177,182,187.5,5695
8162,2026-01-12,38.05,36.5,38,36.5,104
8163,2026-01-12,30.55,30.15,30.15,30.45,461
8171,2026-01-12,25.15,23.85,24.15,25.15,278
8176,2026-01-12,10.8,10.55,10.65,10.8,189
8182,2026-01-12,25.85,25.45,25.5,25.5,109
8183,2026-01-12,33.95,33,33.6,33.9,376
8201,2026-01-12,14.3,14,14.15,14.2,133
8210,2026-01-12,933,902,923,911,1320
8213,2026-01-12,35.45,33.7,33.7,34.75,1745
8215,2026-01-12,21.1,20.55,20.9,20.65,1059
8222,2026-01-12,45.2,41.7,42.95,43.95,4096
8227,2026-01-12,145,140.5,140.5,143,211
8234,2026-01-12,72.1,70.8,71.5,71.7,414
8240,2026-01-12,41.55,39.9,41.55,41.35,1767
8249,2026-01-12,54.1,52.5,53.7,53.3,1915
8255,2026-01-12,122.5,118.5,119,121,379
8261,2026-01-12,91.4,89.2,90.2,90.5,779
8271,2026-01-12,138.5,128.5,136,132,24689
8272,2026-01-12,81.3,78.6,78.6,80,18
8277,2026-01-12,9.3,8.91,9.3,8.99,492
8279,2026-01-12,120.5,118,118,120,27
8284,2026-01-12,64,63,63.4,63.2,36
8289,2026-01-12,21,20.6,20.6,20.7,121
8341,2026-01-12,85.1,78.6,78.6,85.1,1244
8367,2026-01-12,43.15,42.65,42.65,43,34
8374,2026-01-12,85.9,83.5,84.2,84.8,478
8404,2026-01-12,24.85,23.9,24.1,24.75,1653
8411,2026-01-12,12.1,11.95,12.1,11.95,111
8422,2026-01-12,42.95,42.8,42.85,42.95,59620
8429,2026-01-12,7.62,7.56,7.56,7.56,143
8438,2026-01-12,52.5,50.5,50.7,51.9,411
8442,2026-01-12,73.5,72.3,72.3,73,108
8443,2026-01-12,11.15,11.1,11.1,11.1,11
8454,2026-01-12,210,205.5,206,208,311
8462,2026-01-12,161,157,161,159,110
8463,2026-01-12,27.2,26.8,26.9,26.85,106
8464,2026-01-12,394,378.5,380,394,851
8466,2026-01-12,21.75,21.45,21.5,21.5,30
8467,2026-01-12,173,161,162,173,175
8473,2026-01-12,40.35,37.35,37.7,39.1,3984
8476,2026-01-12,18.8,18.8,18.8,18.8,1013
8478,2026-01-12,195,192,192.5,193,239
8481,2026-01-12,41,40.5,40.95,40.5,4
8482,2026-01-12,49.4,49.4,49.4,49.4,2
8487,2026-01-12,80.5,79.4,80.5,79.4,10
8488,2026-01-12,10.2,10.1,10.2,10.1,16
8499,2026-01-12,330,320.5,330,323.5,150
8926,2026-01-12,41.1,40.8,41,41.05,637
8940,2026-01-12,20.85,20.45,20.85,20.5,27
8996,2026-01-12,698,690,698,698,3515
9103,2026-01-12,4.8,4.6,4.6,4.7,1138
9105,2026-01-12,6.25,5.82,5.82,6.02,83107
9110,2026-01-12,3.05,3,3.05,3.01,14
9136,2026-01-12,8.22,8.04,8.06,8.2,706
9802,2026-01-12,103,101.5,102.5,102.5,1162
9902,2026-01-12,17.05,16.85,17,16.9,153
9904,2026-01-12,32.4,31.35,31.5,32.2,19099
9905,2026-01-12,20.05,19.95,20.05,20.05,93
9906,2026-01-12,49.55,48.8,49.55,49.05,73
9907,2026-01-12,18.7,18.45,18.55,18.6,3170
9908,2026-01-12,29.9,29.8,29.85,29.8,230
9910,2026-01-12,106,104,106,104,2227
9911,2026-01-12,84,82.9,82.9,83.8,225
9912,2026-01-12,12.25,11.95,12.15,12,66
9914,2026-01-12,81,79.6,81,80.4,1447
9917,2026-01-12,111,110,110,110,442
9918,2026-01-12,39.65,39.65,39.65,39.65,10
9919,2026-01-12,17.1,16.6,16.6,16.8,774
9921,2026-01-12,89.4,87.3,89.2,88.7,866
9924,2026-01-12,50.2,49.7,50.2,49.75,221
9925,2026-01-12,41,40.75,40.85,40.75,164
9926,2026-01-12,49.5,49.3,49.5,49.3,30
9927,2026-01-12,69.2,68.1,68.1,68.9,128
9928,2026-01-12,18.15,18,18.15,18.05,51
9929,2026-01-12,10.7,10.2,10.2,10.45,11
9930,2026-01-12,71.2,70.4,70.6,71,128
9931,2026-01-12,33.75,33.5,33.7,33.75,23
9933,2026-01-12,32.35,31.4,31.6,32.15,3951
9934,2026-01-12,10,9.93,9.98,9.98,233
9935,2026-01-12,20.1,19.85,20.05,19.9,129
9937,2026-01-12,57.7,57,57.5,57,27
9938,2026-01-12,53.9,52.6,53,53.8,2218
9939,2026-01-12,120,117,119.5,117.5,1162
9940,2026-01-12,23.25,22.75,22.9,22.85,649
9941,2026-01-12,82.3,80.6,82.3,80.8,2291
9942,2026-01-12,107,106,106.5,107,63
9943,2026-01-12,60.3,60.1,60.3,60.1,41
9944,2026-01-12,17,16.75,16.9,17,22
9945,2026-01-12,29.5,29.05,29.5,29.4,4956
9946,2026-01-12,19.45,18.9,19.45,18.9,501
9955,2026-01-12,33.55,32.1,32.1,33.55,5133
9958,2026-01-12,140,133,133.5,139,1615
